,Model Name,Case Name,Train Samples,Test Samples,Total_Neurons,Mean MSE,Mean Gap Objective %,Max_Max Real Power Residual,Max_Mean Real Power Residual,Mean_Max Real Power Residual,Mean_Mean Real Power Residual ,Max_Max Reactive Power Residual,Max_Mean Reactive Power Residual,Mean_Max Reactive Power Residual,Mean_Mean Reactive Power Residual ,Max_Max Inequality PG,Max_Mean Inequality PG,Mean_Max Inequality PG,Mean_Mean Inequality PG,Max_Max Inequality QG,Max_Mean Inequality QG,Mean_Max Inequality QG,Mean_Mean Inequality QG,Max_Max Inequality VM,Max_Mean Inequality VM,Mean_Max Inequality VM,Mean_Mean Inequality VM
2,ADP-DEN,pglib_opf_case14_ieee,250,1500,388.0,0.00039556364354206,2.398963379859924,0.5775252342224121,0.18212287724018092,0.21941773593425745,0.07017734050750726,0.5775252342224121,0.18611696958541865,0.21941773593425745,0.0786360919475555,0.01705821529030796,0.00677515082061284,0.0055754570756107,0.0021508492296561,0.0124624133110045,0.0024924826109781,0.0016531167668289,0.0003306334969237,0.0606739044189453,0.0257584488019346,0.0098993788473307,0.0023646127199753
3,ADP-DEN,pglib_opf_case14_ieee,500,1500,364.0,0.00046172725269566,2.7641703605651857,0.5691566556692124,0.2063111618161201,0.28996983170509333,0.0863256257027387,0.5691566556692124,0.187480566650629,0.28996983170509333,0.07513169720768927,0.013859423995017939,0.00438709182781162,0.0053514606202951,0.0018884049088228,0.0081707179546355,0.0018148672534152,0.0011319142766296,0.0002272604615427,0.0485772371292113,0.0187793253513518,0.0076812337152659,0.0018022018775809
4,ADP-DEN,pglib_opf_case14_ieee,1000,1500,544.0,0.0003118544111202636,1.9483096957206727,0.7772056341171265,0.12820672839879985,0.18937045931816096,0.055889971554279286,0.7772056341171265,0.23762216269969935,0.18937045931816096,0.08472834080457683,0.010246281325817081,0.0037356936372816203,0.0041403708048164,0.0015257958555593,0.0110177099704742,0.0024237740319221,0.0011290896276477,0.0002328939881408,0.0511959552764892,0.0188541156705468,0.0080780688906088,0.0016904157761018
5,ADP-DEN,pglib_opf_case14_ieee,1500,1500,288.0,7.075861940393224e-05,0.721592128276825,0.5641432642936707,0.12878037095069883,0.1640884697437286,0.05177284181118008,0.5641432642936707,0.16453132331371306,0.1640884697437286,0.05937733501195902,0.0072819478809833,0.0034527852199971202,0.0023626790614798,0.0010378114180639,0.022423069179058,0.0048547250218689,0.0017189719656016,0.0003859783217193,0.0228002071380614,0.0040334820281713,0.0032066859770565,0.0004423513310029
6,ADP-DEN,pglib_opf_case14_ieee,2000,1500,796.0,7.97224405687221e-05,0.7723300457000732,0.5716278493404389,0.13553023338317866,0.16421767026185988,0.054280446469783764,0.5716278493404389,0.179545484483242,0.16421767026185988,0.06773392558097834,0.0095821063034236,0.0038589039817452002,0.0033139734761789,0.0013457968714646,0.0181135147809981,0.0044277905486523,0.0016523418249561,0.0003594699388485,0.0250959634780883,0.0047913892194628,0.0042313071899115,0.0005271935544442
7,ADP-DEN,pglib_opf_case14_ieee,2500,1500,140.0,7.394277490675449e-05,0.7567827820777893,0.5586007237434387,0.09871978312730786,0.12349410504102702,0.0407565917819738,0.5586007237434387,0.16695578545331952,0.12349410504102702,0.06414190046489235,0.006393327564001019,0.00264809476211664,0.0023306393064558,0.0009556886507197,0.0213081777095794,0.0047806072514503,0.0014287258847616,0.0002992177585838,0.0215881347656249,0.0038626109220785,0.0036884310422464,0.0004310013850044
8,ADP-DEN,pglib_opf_case14_ieee,5000,1500,128.0,5.937554742558859e-05,0.5218617796897889,0.6220593869686126,0.10062927156686781,0.11945669054985045,0.03825716897845266,0.6220593869686126,0.15237432867288583,0.11945669054985045,0.05608765184879298,0.007308665104210341,0.0027692471863701397,0.0021978254895656,0.0008919498533941,0.0213551003485917,0.0045149604789912,0.0016373555292374,0.0003378702502231,0.0187445640563964,0.0030531730037182,0.002556650317274,0.0003478953381999
9,ADP-DEN,pglib_opf_case14_ieee,10000,1500,64.0,0.00019598028302424543,1.398859441280365,0.34077939689159387,0.07662588730454438,0.0959222465753555,0.0277061820030212,0.34077939689159387,0.08669609334319826,0.0959222465753555,0.03277279119938608,0.0038422525743953204,0.0014349769357067722,0.0009225506393704,0.0003510215108689,0.0153266608715057,0.0031557595822959,0.0007866370957344,0.0001615155488252,0.0143302202224731,0.0021714193710067,0.0019978695781901,0.0002404959421255
10,ADP-DEN,pglib_opf_case14_ieee,15000,1500,64.0,4.954714604537003e-05,0.4885501146316528,0.3883521229028702,0.08223587572574607,0.09253362119197837,0.0299951903522014,0.3883521229028702,0.08685977607965464,0.09253362119197837,0.03319737538695332,0.0037221670150756397,0.00149202955653886,0.0011701681884005,0.0004657840501749,0.0237915068864821,0.0050741201266645,0.0014575132168829,0.0003033084212802,0.0111224889755248,0.0020365493372082,0.0016284634475595,0.0002496355504262
11,ADP-DEN,pglib_opf_case14_ieee,20000,1500,60.0,4.655105803976767e-05,0.39921763539314264,0.21715282499790187,0.07521187290549274,0.089580725133419,0.028128946572542158,0.21715282499790187,0.0667144194245338,0.089580725133419,0.0233688592910766,0.0036682888865470402,0.00165403934661294,0.0011688503436743,0.0004773703578393,0.0240420877933501,0.0052960837259888,0.0013950261520221,0.0002927068155258,0.0132972955703734,0.0024086628342046,0.001564706431236,0.000249905703822
12,ADP-DEN,pglib_opf_case14_ieee,25000,1500,60.0,4.548461583908647e-05,0.3348338574171066,0.36952112317085267,0.0761291161179542,0.09710578620433802,0.029582814127206758,0.36952112317085267,0.09150940477848048,0.09710578620433802,0.031835144385695416,0.00335544794797892,0.00127655309624966,0.0011644455487839,0.0004476493835681,0.0246860146522521,0.005176575295627,0.0013406912446953,0.0002772339445072,0.016236639022827,0.0023239766014739,0.0018224232131614,0.0002476328460033
45,STL,pglib_opf_case14_ieee,250,1500,6.0,0.00067256239708508,3.7417783737182617,1.0249606400728226,0.24470827132463452,0.32619141489267345,0.09111643359065051,1.0249606400728226,0.2584714502096176,0.32619141489267345,0.12636621743440624,0.01763263344764704,0.009148005023598655,0.0052846655249595,0.0024062488679191,0.0202471137046813,0.0040494227781891,0.0030928829684853,0.000618576654233,0.0491729259490966,0.0187316057505085,0.0095581299625336,0.0020607709186151
46,STL,pglib_opf_case14_ieee,500,1500,6.0,0.00077920855255792,4.0610819339752195,0.8209383636713028,0.305509889870882,0.40846188813447953,0.10140944980084891,0.8209383636713028,0.23961464632302518,0.40846188813447953,0.09026887575164434,0.014092986788286188,0.006144536405738829,0.004743761513068,0.0019119942355271,0.0186431407928466,0.0038430868647992,0.002923559769988,0.0005848102271556,0.0521055698394774,0.0223654475063085,0.0087649228051304,0.0023945045657455
47,STL,pglib_opf_case14_ieee,1000,1500,6.0,0.0008656328078359001,4.401783466339111,0.6175632894039154,0.15488338991999623,0.22878975272178645,0.0564792558550834,0.6175632894039154,0.15666251145303245,0.22878975272178645,0.059293969720602004,0.007778492587907392,0.003823752965649625,0.002521286084606,0.0011213976739553,0.0102199912071227,0.002062104968354,0.0015834331978112,0.0003166986978612,0.0278841018676757,0.0123441543430089,0.0050053641200065,0.001257825596258
48,STL,pglib_opf_case14_ieee,1500,1500,6.0,0.0006507671321742,3.8087149143218992,0.6886349394917488,0.2978211879730224,0.291331422328949,0.09605901017785068,0.6886349394917488,0.20214117951691146,0.291331422328949,0.08238703757524486,0.011176918949758948,0.005367135711125194,0.0034398329815029,0.0014261069480507,0.007711124420166,0.001542224898003,0.0011892023030668,0.0002378404606133,0.0540318965911864,0.0185842822189442,0.008930318430066,0.0017525333329103
49,STL,pglib_opf_case14_ieee,2000,1500,6.0,0.00070667845429848,3.8260943412780763,0.9620528519153595,0.2753992475569248,0.29333879947662356,0.08370779678225512,0.9620528519153595,0.30231864172965284,0.29333879947662356,0.0933529274538159,0.015151934828448236,0.0063962368555044846,0.0045977625377264,0.0018906947020119,0.0127637326717376,0.002552746515721,0.0018752427306025,0.0003750485135242,0.0582040071487426,0.0216943760548019,0.0097215272486209,0.0021346737601561
50,STL,pglib_opf_case14_ieee,2500,1500,6.0,0.0006626173679250399,3.9301902294158935,0.7517570793628693,0.19180483892560002,0.24328846335411072,0.06578888408839698,0.7517570793628693,0.1639757793396711,0.24328846335411072,0.05821282286196942,0.008139798045158374,0.003465739227976864,0.0026956625282764,0.0010523617143917,0.0078974843025207,0.0015794968698173,0.001272602006793,0.0002545204013585,0.0274270057678222,0.0120270386876654,0.0053649791516363,0.0012123418651753
51,STL,pglib_opf_case14_ieee,5000,1500,6.0,0.00073560279561202,4.327550172805786,0.4059471935033797,0.11713860034942622,0.19776796251535414,0.0451644536107778,0.4059471935033797,0.08332798946648831,0.19776796251535414,0.03955699112266296,0.004955506445297278,0.0022517455356179613,0.0016235036136307,0.0006748393258973,0.0032475233078002,0.0006495046429336,0.0004886067006736,9.772134944796e-05,0.0172989130020141,0.00748752526124,0.0033154064789414,0.000762399850646
52,STL,pglib_opf_case14_ieee,10000,1500,6.0,0.00064120789756994,3.4014471054077147,0.9680874392390251,0.2119791984558105,0.2484024420380592,0.06769421324133872,0.9680874392390251,0.2145871888846159,0.2484024420380592,0.06845579054206605,0.018116748332977252,0.007807767018675771,0.0056035397574305,0.0022030198015272,0.0109638631343841,0.0027616596315055,0.0015536930412053,0.0003130020049866,0.0506611347198485,0.0225396761932642,0.0074807735159992,0.0020490653085289
53,STL,pglib_opf_case14_ieee,15000,1500,6.0,0.0006616593571379199,3.727592444419861,0.5123858891427517,0.16808436289429662,0.23238880634307857,0.058490061387419655,0.5123858891427517,0.12943758536130184,0.23238880634307857,0.04667058801278468,0.010871282219886771,0.005501180887040373,0.003637821774464,0.0015969766465786,0.0080300748348235,0.0016060149762779,0.0012662808876484,0.0002532561775296,0.0283053636550902,0.0124738130722107,0.0044301601010374,0.0012129194987209
54,STL,pglib_opf_case14_ieee,20000,1500,6.0,0.00056311067310156,3.3472193241119386,1.0616211265325546,0.3063111685216427,0.3187577113509178,0.09732565619051452,1.0616211265325546,0.30081472191959613,0.3187577113509178,0.0968467557802796,0.020935899019241287,0.010609020702577219,0.0067518870346247,0.0032215680834269,0.010283464193344,0.0020566928433254,0.0016164491418748,0.0003232898074201,0.0606845855712889,0.0232972299942047,0.0099074199795722,0.0022500077990116
55,STL,pglib_opf_case14_ieee,25000,1500,6.0,0.0005648289523378135,3.419017606973648,0.37562131881713856,0.11560493558645242,0.1860028892755508,0.0423490263521671,0.37562131881713856,0.09698777496814723,0.1860028892755508,0.03205417338758702,0.005333572626113879,0.002474404256849986,0.0017202714574522,0.000715572942181,0.0102383434772491,0.0021247923374175,0.00085709777195,0.0001746757072396,0.0201354980468749,0.0076556543222977,0.0034252027515321,0.0007277166791027
56,STL,pglib_opf_case14_ieee,250,1500,14.0,0.00053946958505542,2.5515879154205323,1.0712838888168335,0.24850144684314723,0.21520666182041168,0.07949604541063304,1.0712838888168335,0.3290748506784439,0.21520666182041168,0.10499889850616453,0.02035470306873318,0.00872386600822206,0.0063638732302933,0.0027560716262086,0.0154181838035583,0.0031277406495064,0.0024569050350691,0.0004914104370981,0.077406620979309,0.0391558688133954,0.0127897255122661,0.0042753250803797
57,STL,pglib_opf_case14_ieee,500,1500,14.0,0.00052084844210182,2.6506062507629395,0.906960541009903,0.29018337428569796,0.25734065771102904,0.08935598880052562,0.906960541009903,0.2601883232593536,0.25734065771102904,0.092615745216608,0.02163063585758204,0.009443455561995459,0.0069943468552082,0.0029152525123208,0.0231716811656951,0.0047063017264008,0.0035049040801822,0.000701028772164,0.0727855920791625,0.0336728114634752,0.0123681450262665,0.0034082245081662
58,STL,pglib_opf_case14_ieee,1000,1500,14.0,0.0005919368064496199,3.160769319534302,0.7626422643661499,0.23674726113677025,0.26269001215696336,0.08126309849321836,0.7626422643661499,0.23614864423871035,0.26269001215696336,0.08531530946493145,0.011588284373283369,0.005998147185891827,0.0039190531708299,0.0018519632751121,0.0192262291908263,0.0038452458567916,0.0030322155449539,0.0006064431043341,0.0516663074493407,0.0261778488755225,0.0083674242720007,0.0026039338205009
59,STL,pglib_opf_case14_ieee,1500,1500,14.0,0.00048281145864162,2.836037111282349,0.6403092622756958,0.3045609623193741,0.30951190888881686,0.09439687728881832,0.6403092622756958,0.24438027739524837,0.30951190888881686,0.07466743215918537,0.01431679427623746,0.0073944329284131,0.0046313730068504,0.0021683665341697,0.0133106291294097,0.002662125811912,0.0019728350802324,0.0003945670468965,0.0639582157135009,0.0260176435112952,0.0102163141593336,0.0024677862878888
60,STL,pglib_opf_case14_ieee,2000,1500,14.0,0.0006124737206846,3.7416560649871826,0.6451470345258712,0.1958706378936767,0.19814854860305783,0.06476850695908064,0.6451470345258712,0.17231761924922465,0.19814854860305783,0.06344859749078743,0.009966778755187967,0.005266752541047012,0.00308308172971,0.0014488115721178,0.0137571215629577,0.0027514242567121,0.0020686906296759,0.0004137381387408,0.0443140029907226,0.0198215625103329,0.0079402910545467,0.0019133630732539
61,STL,pglib_opf_case14_ieee,2500,1500,14.0,0.0005172895209397601,2.979061460494995,0.7036614537239074,0.2560580909252167,0.24799140095710753,0.08046755865216251,0.7036614537239074,0.27806244492530824,0.24799140095710753,0.09494143575429911,0.01924838423728938,0.00788899837061756,0.0058801550418138,0.0023364656371995,0.0185313761234282,0.003706275182776,0.0027281604823655,0.0005456320533994,0.0726408958435058,0.0338807445019483,0.0113626847043633,0.0031282109208404
62,STL,pglib_opf_case14_ieee,5000,1500,14.0,0.00052021756418978,2.658338737487793,0.9961918115615844,0.21135029494762417,0.20855039358139033,0.0694350697100162,0.9961918115615844,0.34134505093097683,0.20855039358139033,0.11043126210570331,0.0149877920746803,0.0068185643292963,0.0049386326223611,0.0020752500277012,0.018044352531433,0.0036088705157453,0.0028607716565602,0.0005721543129766,0.0670322179794311,0.0343260597437619,0.0102729871869086,0.003118358971551
63,STL,pglib_opf_case14_ieee,10000,1500,14.0,0.00051054232753808,2.5296611309051515,0.6116271138191223,0.31307758688926696,0.3020782023668289,0.09757950007915495,0.6116271138191223,0.2669463783502578,0.3020782023668289,0.08480445519089697,0.01712333858013146,0.0072571912780403395,0.0051164481788873,0.0020893175620585,0.0134320497512816,0.0026864098850637,0.0019667754007968,0.0003933550760848,0.0707038402557372,0.0333145923912524,0.011398641578853,0.0032547807786613
64,STL,pglib_opf_case14_ieee,15000,1500,14.0,0.00050851798150682,2.8976580619812013,0.8441759645938873,0.2554068028926849,0.23572678864002228,0.08000914752483364,0.8441759645938873,0.2726297169923782,0.23572678864002228,0.08246318548917766,0.017048114538192723,0.00706438645720478,0.0045298433862626,0.0019171498715877,0.0179716885089873,0.0038247901669819,0.0025583973823813,0.0005126757890706,0.0668030023574828,0.029433611780405,0.0096927696838974,0.0026865052524953
65,STL,pglib_opf_case14_ieee,20000,1500,14.0,0.0004273628081136511,2.2754334688186644,0.5345292210578918,0.23128683641552925,0.25061446875333787,0.07143005318939682,0.5345292210578918,0.180253092944622,0.25061446875333787,0.056233362853527036,0.01199761033058162,0.005507388408295779,0.0038570173725019,0.0016802177182398,0.0245737433433532,0.0049471997888758,0.0028024739352985,0.0005617115850326,0.0573454141616821,0.026872934505809,0.0086397618346381,0.0025583032824215
66,STL,pglib_opf_case14_ieee,25000,1500,14.0,0.00042077988910019096,2.1846146523952483,0.5737121880054474,0.24612669795751568,0.25013419836759565,0.07829791307449337,0.5737121880054474,0.24768263697624207,0.25013419836759565,0.07605844438076013,0.01111485809087746,0.00529039064422246,0.0032876522978767,0.0015156526642385,0.0149746358394622,0.0030151641229167,0.0017009676026645,0.0003411577286896,0.0614372253417968,0.0289556741714476,0.009730356815271,0.002786607343296
67,STL,pglib_opf_case14_ieee,250,1500,28.0,0.00061857787659388,2.8807252645492554,0.5329979658126831,0.25335308164358133,0.3087948277592659,0.08832792118191714,0.5329979658126831,0.19148860350251196,0.3087948277592659,0.07500021196901793,0.011784298345446552,0.004379335157500423,0.0043363094473533,0.0015218557909065,0.0135063588619232,0.0027012717304842,0.0022028089065315,0.0004405617801352,0.0623956203460692,0.0329728873737621,0.0118502805475145,0.0037876474380027
68,STL,pglib_opf_case14_ieee,500,1500,28.0,0.00057142801815638,2.5110119581222534,0.7492403090000153,0.25381631851196285,0.29615446627140046,0.0875447571277618,0.7492403090000153,0.2240123391151428,0.29615446627140046,0.08277215734124178,0.014950099587440441,0.00621464718133206,0.0051770072896032,0.0020330616040155,0.0165979444980621,0.0033195887925102,0.0026085762772708,0.0005217152385739,0.0757638931274413,0.0399547651410102,0.0134773842990397,0.0047363204415887
69,STL,pglib_opf_case14_ieee,1000,1500,28.0,0.0005311637069098,2.667971467971802,0.6770850658416748,0.2426045686006546,0.2498983889818191,0.08204202130436891,0.6770850658416748,0.2191692382097244,0.2498983889818191,0.07427880316972728,0.00968490242958064,0.00437474511563772,0.0033236163202672,0.0013858024962245,0.0171248018741607,0.0034249603049829,0.0024079934926703,0.0004815987194887,0.0674293994903564,0.0353148140013217,0.01138959787786,0.0036189036443829
70,STL,pglib_opf_case14_ieee,1500,1500,28.0,0.00053326304769138,2.5543824672698974,0.61120445728302,0.2467595756053924,0.2399014055728912,0.07817745059728617,0.61120445728302,0.20488116145133972,0.2399014055728912,0.06623903959989542,0.01338500082492822,0.006514719640836079,0.0042739334981888,0.0018836787436157,0.0243322193622588,0.004866443760693,0.003565463842824,0.0007130927639081,0.0734644412994384,0.0398047059774398,0.0116459814831614,0.0036639706231653
71,STL,pglib_opf_case14_ieee,2000,1500,28.0,0.00047353058180301993,2.302110505104065,0.6823747158050537,0.2202750980854034,0.2524167001247406,0.0785230100154876,0.6823747158050537,0.22588015794754024,0.2524167001247406,0.07571326270699498,0.01440590173006052,0.0055266451789066,0.0049294539261608,0.0017661540594417,0.0240546375513076,0.0048512321198358,0.0038216639659367,0.000765058005345,0.0655675888061522,0.0326706629246472,0.0106897606514393,0.0032377389725297
72,STL,pglib_opf_case14_ieee,2500,1500,28.0,0.00054914433276276,2.397567367553711,0.5821284592151642,0.23056455850601196,0.24268904030323024,0.07631384134292599,0.5821284592151642,0.17685393989086146,0.24268904030323024,0.06198490485548967,0.01538290381431574,0.005757740698754741,0.005328299710527,0.0018664948409422,0.0156231701374053,0.0031246340251527,0.0023620046908035,0.0004724009151686,0.0734043598175048,0.0414563767611979,0.0123250067234038,0.0042389216367155
73,STL,pglib_opf_case14_ieee,5000,1500,28.0,0.0005585680017247401,2.7890086650848387,0.5821421623229981,0.21532063186168665,0.22582927048206325,0.0730512231588363,0.5821421623229981,0.2054203942418098,0.22582927048206325,0.06929163634777066,0.01313319131731984,0.00620048809796566,0.0045326908584683,0.0019835714716463,0.0092124581336974,0.0018424916372168,0.0013592699891886,0.0002718539864872,0.0729150295257567,0.038353382050991,0.0118659915402531,0.0037935936823486
74,STL,pglib_opf_case14_ieee,10000,1500,28.0,0.00054066502489144,2.5045843601226805,0.6305086076259613,0.2012452363967895,0.2397097483277321,0.07042871862649912,0.6305086076259613,0.20012256205081935,0.2397097483277321,0.06875323653221126,0.011626008152961682,0.00488799945451314,0.0040141401812433,0.0016636495711281,0.0187236070632934,0.0037447213755512,0.0027730982325919,0.0005546196313843,0.0712902069091796,0.0361074551939964,0.0112217424437403,0.003578843246214
75,STL,pglib_opf_case14_ieee,15000,1500,28.0,0.00056025679223234,2.5272908926010134,0.7427159190177918,0.26872878670692446,0.2940151631832123,0.0921396374702453,0.7427159190177918,0.21981276273727418,0.2940151631832123,0.07396765425801274,0.015615844726562461,0.0062808738090097405,0.0055338754318654,0.0021863660775124,0.0162864804267882,0.0032572960481047,0.0025045236339791,0.0005009047279599,0.0758960485458373,0.0400899626314639,0.0119889736175536,0.0040052083320915
76,STL,pglib_opf_case14_ieee,20000,1500,28.0,0.00053110969020048,2.959404945373535,0.5004275500774383,0.21973046660423273,0.22425847053527828,0.07565255239605898,0.5004275500774383,0.17841755598783487,0.22425847053527828,0.060707212239503795,0.0101971879601478,0.0042469539213925,0.0034180513117461,0.0013957971474155,0.0202146291732787,0.0040429258486255,0.0028568730922415,0.0005713746213586,0.0694955110549926,0.0349039372056722,0.0104185208678245,0.0032162006478756
77,STL,pglib_opf_case14_ieee,25000,1500,28.0,0.0004407073196488947,2.136558723449707,0.5253832340240479,0.223107473552227,0.24588827192783352,0.07796693891286846,0.5253832340240479,0.169978480041027,0.24588827192783352,0.061900793761014886,0.009736492484807919,0.0048502385616302,0.0033649089979007,0.0014259335584937,0.0189786493778228,0.0038403106387704,0.0020976316067389,0.0004247518489137,0.0607721805572509,0.0304693978279828,0.0098355194553732,0.0029531860025598
78,STL,pglib_opf_case14_ieee,250,1500,56.0,0.00052853325032624,2.5672626972198485,0.5966703414916992,0.17002572417259215,0.18349899053573607,0.06399917006492609,0.5966703414916992,0.1957564771175384,0.18349899053573607,0.079857175797224,0.01098235994577402,0.0045936720911413,0.0042454524897038,0.0016794891795142,0.0150553822517394,0.0030110764084383,0.0025466053630224,0.000509321084246,0.0646430015563964,0.0371799491345882,0.0106228521093725,0.0036761192139237
79,STL,pglib_opf_case14_ieee,500,1500,56.0,0.00053965687984596,2.582671022415161,0.6415828943252564,0.21638939678668972,0.25157918632030485,0.08282217234373086,0.6415828943252564,0.16875987797975536,0.25157918632030485,0.08991370424628256,0.01058629304170602,0.00454793903045352,0.0040942662861197,0.0016353768412954,0.0117413580417632,0.0023482715943827,0.0019126575498375,0.0003825315085122,0.0721251010894775,0.0403921090066432,0.012679306231439,0.0040896952617912
80,STL,pglib_opf_case14_ieee,1000,1500,56.0,0.00057698111049824,2.546991586685181,0.5384835600852966,0.17287352234125133,0.20184429883956906,0.06540622934699056,0.5384835600852966,0.1709317162632942,0.20184429883956906,0.07193853333592408,0.01230405196547504,0.00504063395783302,0.0043905581813305,0.0017509156372397,0.0157094180583953,0.0031418836209922,0.0024983151233754,0.0004996630203094,0.0751105785369872,0.0421523712575435,0.0126061063259839,0.0042523169890045
81,STL,pglib_opf_case14_ieee,1500,1500,56.0,0.00056167099392036,2.5253962516784667,0.6089084029197693,0.19006566703319544,0.21814942061901088,0.07307007461786265,0.6089084029197693,0.20168849527835842,0.21814942061901088,0.07875484004616731,0.01231983900070186,0.00494588813744482,0.0044673391152172,0.0017197757028042,0.0199935972690581,0.0039987194351851,0.0032214433711487,0.0006442886748117,0.0729750633239745,0.0403184175491332,0.0119071796536445,0.0038766044657677
82,STL,pglib_opf_case14_ieee,2000,1500,56.0,0.00057199333677992,2.2953945636749267,0.857656967639923,0.1380056515336036,0.16287683397531505,0.05537783056497568,0.857656967639923,0.21781176030635835,0.16287683397531505,0.08999944925308222,0.01396025940775868,0.00589782069437202,0.0050506969913839,0.0020020197378471,0.0168987691402434,0.0033797538373619,0.0028160262503661,0.0005632052445434,0.080239701271057,0.0415662340819835,0.0141627518460153,0.0045091746374964
83,STL,pglib_opf_case14_ieee,2500,1500,56.0,0.00054573144880118,2.4991926193237304,0.5060406267642975,0.17180982232093808,0.19610331952571863,0.06280279010534282,0.5060406267642975,0.17322308123111724,0.19610331952571863,0.0640419006347656,0.011798062548041301,0.004446393251419,0.0040043398737906,0.0015492897247895,0.0183307170867919,0.0036661433405242,0.0029521336022298,0.0005904267527511,0.0739373445510863,0.0416144557297229,0.0126912953332066,0.0044457192998379
84,STL,pglib_opf_case14_ieee,5000,1500,56.0,0.0005575400020461001,2.509948706626892,0.5185977041721344,0.17092107683420177,0.18802682459354397,0.0641006171703338,0.5185977041721344,0.17651755213737486,0.18802682459354397,0.06494148820638652,0.0105401828885078,0.0039762082509695994,0.003699881164357,0.0014245454221963,0.0111824810504913,0.0022364962147548,0.0017983247700612,0.0003596649810787,0.0743347406387328,0.0426821090281009,0.0126436781138181,0.0043495901394635
85,STL,pglib_opf_case14_ieee,10000,1500,56.0,0.0004976361116859532,2.1635286927223207,0.682617062330246,0.17253608852624888,0.19599925428628917,0.06533546447753902,0.682617062330246,0.16448353677988048,0.19599925428628917,0.06269703656435008,0.01121697872877116,0.00501494109630582,0.0041145893279462,0.0017168640741146,0.0209830045700072,0.0042281627655028,0.0028211313067003,0.0005659049900713,0.0682382583618163,0.0367333544418215,0.0113570295739918,0.0038122661528176
86,STL,pglib_opf_case14_ieee,15000,1500,56.0,0.0002529912846512031,1.5027300596237183,0.42858176231384276,0.1266344904899597,0.14733152985572812,0.04714324697852128,0.42858176231384276,0.11779098808765406,0.14733152985572812,0.04522019810974594,0.0080622643232345,0.00317863286472852,0.0025411318754776,0.0009597860742359,0.0228173911571502,0.0051638258155434,0.002288281940855,0.0004727496707346,0.0412577629089355,0.018823901284486,0.0061681983526795,0.0018222684971987
87,STL,pglib_opf_case14_ieee,20000,1500,56.0,0.00041806541412364614,2.2667349696159365,0.6068951070308686,0.1672589227557182,0.20241809636354446,0.0656262401491403,0.6068951070308686,0.16216038912534708,0.20241809636354446,0.06369500532746308,0.00967524945735926,0.004436658974736859,0.0035272981971501,0.0014539708849041,0.0197485029697417,0.0040059983963146,0.0021432053996249,0.000430645153392,0.0588649988174438,0.0302586485166102,0.0091944113839417,0.0027515340305398
88,STL,pglib_opf_case14_ieee,25000,1500,56.0,0.00014575917084583273,0.9582174181938171,0.30887439846992487,0.0754013873636722,0.10002005249261851,0.03216298855841156,0.30887439846992487,0.09713039547204966,0.10002005249261851,0.03606868498027322,0.006889511272311161,0.00285671548917884,0.0022727970266714,0.0009007955435663,0.0198113292455672,0.0042069125222041,0.0014439027523621,0.0003000407858052,0.0264687776565551,0.0096306786872446,0.0039329390041529,0.0009467733267228
89,STL,pglib_opf_case14_ieee,250,1500,112.0,0.00066626479383554,2.6378503322601317,0.785944652557373,0.19899191856384274,0.3228337794542312,0.1065860584378242,0.785944652557373,0.21491895318031307,0.3228337794542312,0.13013593852519983,0.01090397685766216,0.00370303397066886,0.0038023812696337,0.0014266336569562,0.0187424302101135,0.0037484860047697,0.0030273842508904,0.0006054768447938,0.0798505544662475,0.0490856900811195,0.0156806483864783,0.0054598757997154
90,STL,pglib_opf_case14_ieee,500,1500,112.0,0.0006433738279156,2.476547718048096,0.5606071531772614,0.17296987473964687,0.25824266970157617,0.08577795997261996,0.5606071531772614,0.17087518423795695,0.25824266970157617,0.1033304058015346,0.010994395613670301,0.00479340641759334,0.0037758624646812,0.0015332223847507,0.0185664772987365,0.0037132954690604,0.0023567163152619,0.0004713432317657,0.0844790220260619,0.0504546113312244,0.0179807934910058,0.0056342461612074
91,STL,pglib_opf_case14_ieee,1000,1500,112.0,0.0007017239113338,2.8489312648773195,0.6740168690681457,0.2019874274730682,0.32510543465614317,0.11623685956001277,0.6740168690681457,0.19664889872074123,0.32510543465614317,0.1304480597376823,0.01119233183562752,0.00498710102401668,0.0043619039468466,0.0017846759175881,0.0179933488368987,0.0035986697301268,0.0037652371916919,0.0007530475035309,0.0808017015457153,0.0466926351189612,0.0161744378507136,0.0050929548684507
92,STL,pglib_opf_case14_ieee,1500,1500,112.0,0.0006017245817929,2.2405630588531493,0.6116995990276337,0.1584683239459991,0.21143063604831697,0.06259797662496562,0.6116995990276337,0.16876764148473736,0.21143063604831697,0.06806596666574471,0.00897137895226474,0.00416225111111992,0.003329143859446,0.0014165302738546,0.0178160190582275,0.003563203755766,0.0024226164678111,0.0004845233110244,0.0796552181243896,0.0478682309389114,0.013768234476447,0.0049396103713661
93,STL,pglib_opf_case14_ieee,2000,1500,112.0,0.00065721737919372,2.286149835586548,0.5357372462749481,0.17724189609289165,0.23848648071289064,0.07563663497567172,0.5357372462749481,0.14776392877101893,0.23848648071289064,0.0693594746291637,0.01031499281525608,0.00401487858034664,0.0038140855263918,0.0014254866400733,0.0178075253963469,0.0035615050699561,0.0030942818382754,0.0006188563595059,0.0799727916717528,0.0498759560286998,0.0142669655382632,0.005416587460786
94,STL,pglib_opf_case14_ieee,2500,1500,112.0,0.00059308052295814,2.471352982521057,0.5344819664955139,0.17412943542003628,0.24070553183555604,0.0720909401774406,0.5344819664955139,0.1617835566401481,0.24070553183555604,0.06339699998497958,0.0100926965475082,0.00437821317464106,0.003868262656033,0.0015450348379089,0.0195315837860106,0.0039063167059793,0.0032414576038717,0.0006482915399828,0.0771481752395629,0.0436812557280063,0.014378167502582,0.0049320914782583
95,STL,pglib_opf_case14_ieee,5000,1500,112.0,0.0004042369124362769,1.8349931240081787,0.3277678668498992,0.14468700438737864,0.18652697950601574,0.05605131536722178,0.3277678668498992,0.1039663046598434,0.18652697950601574,0.04572962075471872,0.00765340216457842,0.0030168142169713402,0.0028299601981416,0.0011085271602496,0.0190427899360656,0.0041921007446944,0.0022529267938807,0.0004610261938068,0.0611053943634032,0.0332286765798926,0.0103286359459161,0.0034821739303878
96,STL,pglib_opf_case14_ieee,10000,1500,112.0,0.00017906015273182424,1.117198610305786,0.3438348054885864,0.09604260548949237,0.12694247663021083,0.0423193503171205,0.3438348054885864,0.09398415535688395,0.12694247663021083,0.03886220492422576,0.00731294974684712,0.00287543428130442,0.0026560677913948,0.00103774019517,0.0221127867698668,0.004783147573471,0.0019051569746806,0.0004008795542176,0.0394929885864257,0.0165521502494811,0.0056879024021327,0.001444327738136
97,STL,pglib_opf_case14_ieee,15000,1500,112.0,0.00016242498822974325,1.1106503009796143,0.27633339166641235,0.09395574033260343,0.12011835724115369,0.0387864779680967,0.27633339166641235,0.07831039279699323,0.12011835724115369,0.03293611668050284,0.00568280704319472,0.00234555297065522,0.0020617221947758,0.0008350409159901,0.0214622139930724,0.0045526587869971,0.0018074895255267,0.0003760351042728,0.0315188646316527,0.0115565586835145,0.0046953140292316,0.0011904902814421
98,STL,pglib_opf_case14_ieee,20000,1500,112.0,4.7928764979587867e-05,0.5143428862094879,0.22847129106521602,0.07602479010820386,0.09244761317968367,0.03055347502231594,0.22847129106521602,0.07564061209559436,0.09244761317968367,0.02727159522473808,0.00493639968335622,0.002231807867065,0.0017536997562273,0.00073694717139,0.025412368774414,0.0051961540244519,0.001723854173906,0.000356963527156,0.0153915643692016,0.0025395121192559,0.002152584446594,0.0003013496927451
99,STL,pglib_opf_case14_ieee,25000,1500,112.0,5.294550210237503e-05,0.5852784752845764,0.27673523426055907,0.07307289764285083,0.08726720511913297,0.02870019972324366,0.27673523426055907,0.07809489071369168,0.08726720511913297,0.028651836141943898,0.005285482853651,0.00202851139474654,0.0016992409480735,0.000681575044291,0.0267317414283752,0.005641762074083,0.0017609465401619,0.0003681469883303,0.0133842229843139,0.0025274327723309,0.0020134351449086,0.0003154787176753
100,STL,pglib_opf_case14_ieee,250,1500,224.0,0.0009887126390822,3.5196124076843263,0.9174908518791198,0.28431362211704253,0.618324238061905,0.1958727210760116,0.9174908518791198,0.267137935757637,0.618324238061905,0.19538733810186384,0.011917383223772001,0.00439302553422744,0.0048630115110426,0.0018594519235193,0.0343466937541961,0.0068693386390804,0.0155120771378278,0.0031024153809994,0.094767928123474,0.0531226009130477,0.0237557556480168,0.0075781550258397
101,STL,pglib_opf_case14_ieee,500,1500,224.0,0.0008950926479883,3.47818546295166,0.8339504718780517,0.2527501881122589,0.5376474916934967,0.16824783682823177,0.8339504718780517,0.22014448195695874,0.5376474916934967,0.15485071837902065,0.01110112778842446,0.00414058845490212,0.0050928449258207,0.0019430463667958,0.0339570522308349,0.0067914104787632,0.0145435914051631,0.0029087184138006,0.0905312061309814,0.0533486984670161,0.0194426296278833,0.006515485420823
102,STL,pglib_opf_case14_ieee,1000,1500,224.0,0.0011336660245432999,4.06356794834137,0.8802984356880188,0.35966936647892,0.7690041601657868,0.23897286951541896,0.8802984356880188,0.26799266934394833,0.7690041601657868,0.2124128296971321,0.01117512192577118,0.004706118488684239,0.0050028732512145,0.0019705563085153,0.0287492394447326,0.0057498479727655,0.01257436722517,0.0025148733868263,0.0933886528015136,0.0553965352475642,0.0239349544048309,0.0084501289762556
103,STL,pglib_opf_case14_ieee,1500,1500,224.0,0.00059515087632458,2.159153127670288,0.3023311048746109,0.15420691370964046,0.21591844558715817,0.06298756599426267,0.3023311048746109,0.09359010905027385,0.21591844558715817,0.040720742568373644,0.009422264620661699,0.00429832162335512,0.0037298320326953,0.001553963148035,0.0190584778785705,0.0038116955198346,0.0030554170720278,0.000611083372496,0.078469157218933,0.0463010549545287,0.0137230183929204,0.0051431416533886
104,STL,pglib_opf_case14_ieee,2000,1500,224.0,0.0006183143123052401,2.116931676864624,0.4358860611915588,0.13515453636646269,0.18066704869270322,0.057914093881845416,0.4358860611915588,0.10730640739202495,0.18066704869270322,0.047052459418773604,0.0072019705548882,0.0030949075240641203,0.0028914872091263,0.0011640635319053,0.0231882631778716,0.0046376525890081,0.0037652584258466,0.0007530517526901,0.0809032440185546,0.0507533334195613,0.0145006192848085,0.0056964844465255
105,STL,pglib_opf_case14_ieee,2500,1500,224.0,0.0005710563738829799,2.1598395824432375,0.34902586340904235,0.13644797503948208,0.18183821141719814,0.05965500473976132,0.34902586340904235,0.09559980183839792,0.18183821141719814,0.04416691288352008,0.00944992080330844,0.00436277403496202,0.0036202101036905,0.0015911783557384,0.0184868931770324,0.0036973786540329,0.0027099160943179,0.0005419832188635,0.0746165037155151,0.0446491666138171,0.0133967094123363,0.0050116630271077
106,STL,pglib_opf_case14_ieee,5000,1500,224.0,0.00018844524456651028,1.2746906042099,0.298744249343872,0.0832992643117904,0.11353572309017176,0.03624095469713206,0.298744249343872,0.07752479910850521,0.11353572309017176,0.032266445085406256,0.004274365305900521,0.001746673323214,0.0017108279746025,0.000680406653555,0.018108183145523,0.0041754436679184,0.0018368309130891,0.0003812838054727,0.0405615329742431,0.0167839717119931,0.0057569087017326,0.0014098829822614
107,STL,pglib_opf_case14_ieee,10000,1500,224.0,7.327965140575543e-05,0.7857629418373108,0.2459326714277267,0.07111005559563632,0.09189506918191906,0.03014323264360424,0.2459326714277267,0.06971308663487427,0.09189506918191906,0.02721030563116066,0.0049451636150478805,0.0020634271902963,0.0018951637437566,0.0007551996968686,0.0227048158645629,0.0051683594472706,0.0016897403169422,0.0003586060367524,0.0231737375259398,0.0055183069780468,0.0028253416996448,0.0004933376680127
108,STL,pglib_opf_case14_ieee,15000,1500,224.0,5.3573676996165884e-05,0.6432906508445739,0.29136614203453065,0.07045207321643823,0.08996727913618083,0.028991608694195682,0.29136614203453065,0.07304340526461596,0.08996727913618083,0.02832513079047198,0.0046876069158315,0.00207768634427334,0.0018459434388204,0.0008067488670348,0.0239102393388747,0.0052554075606167,0.0018116304418071,0.0003790843853493,0.0154001235961913,0.0026676620356737,0.0025608204072341,0.0003735450271051
109,STL,pglib_opf_case14_ieee,20000,1500,224.0,4.2697519529610875e-05,0.48247879147529604,0.25387354195117945,0.07773613631725308,0.09524198025465008,0.030884072557091656,0.25387354195117945,0.07713182494044302,0.09524198025465008,0.02790805771946902,0.00424764081835742,0.0017868778668343598,0.0016435554483905,0.0006423800135962,0.0254838705062865,0.0054729389958083,0.0015756131615489,0.0003309141553472,0.0114718675613402,0.0021004216978325,0.0021517304237931,0.0003013820241903
110,STL,pglib_opf_case14_ieee,25000,1500,224.0,3.795216107391752e-05,0.44839465618133545,0.23105840981006623,0.07538822442293161,0.08636914044618602,0.02852966189384456,0.23105840981006623,0.06455878019332881,0.08636914044618602,0.02462440766394134,0.0037233009468763804,0.0014773352304472802,0.0014056740328669,0.0005985679395961,0.0263027161359786,0.0053768974728882,0.001678143441677,0.0003496954916044,0.0092376947402953,0.001646683900617,0.0015288622118532,0.0002151757013052
111,STL,pglib_opf_case14_ieee,250,1500,448.0,0.00222270755330096,2.331513690948486,1.0365652561187744,0.2826172262430191,0.45546854138374326,0.1824568226933479,1.0365652561187744,0.25114663988351815,0.45546854138374326,0.18913250118494032,0.00996070243418212,0.0036649307701736205,0.0046007073950022,0.0016676669707521,0.0305169641971587,0.0061033928766846,0.0116859896108507,0.0023371980059891,0.1059005737304687,0.0670256592333316,0.0343712426722049,0.0154766389168798
112,STL,pglib_opf_case14_ieee,500,1500,448.0,0.00230329590849572,2.179552125930786,1.1018419563770294,0.28406406939029694,0.5600744783878326,0.19231125414371486,1.1018419563770294,0.252906584739685,0.5600744783878326,0.1902792245149612,0.009965531527995999,0.003899345267564,0.0045295579824596,0.0017509962664916,0.0326007783412933,0.0065201557241379,0.0149895781651138,0.0029979154933243,0.1007548570632934,0.0670443631708621,0.0321484804153442,0.0156128198839723
113,STL,pglib_opf_case14_ieee,1000,1500,448.0,0.00226074858801434,2.1629911184310915,1.0215373396873475,0.2599668979644775,0.45198955833911897,0.16462127640843383,1.0215373396873475,0.2310300305485725,0.45198955833911897,0.17959449961781498,0.0098068751394748,0.00371640040539202,0.0044135044794529,0.0015406936872749,0.0231911480426788,0.0046382295899092,0.0081476602703332,0.0016295319190248,0.0985053181648254,0.0637039132416248,0.0321148669347166,0.0149013902060687
114,STL,pglib_opf_case14_ieee,1500,1500,448.0,0.00045440768299152,2.115736413002014,0.27922964096069336,0.11504083424806591,0.1819279044866561,0.05342596992850298,0.27922964096069336,0.08882294148206707,0.1819279044866561,0.03985439985990518,0.006803098320960941,0.0032880650600418003,0.0027726546395569,0.0011254126206039,0.0184770166873931,0.0037926420569419,0.0027013824088498,0.0005496976664289,0.0626055717468261,0.0353311832994222,0.0106705330312251,0.0036908099427818
115,STL,pglib_opf_case14_ieee,2000,1500,448.0,0.00024063130258578,1.732945728302002,0.5115055918693543,0.1068760573863983,0.15351138263940806,0.04610314220190044,0.5115055918693543,0.1498363599181175,0.15351138263940806,0.06531446501612662,0.00568577172234648,0.00224652320612216,0.0022165307076647,0.0008786284946836,0.0156243305653333,0.0034988627769052,0.0023466469254344,0.0004851556615903,0.0479528188705443,0.0204897182062267,0.0072615941986441,0.0017458588117733
116,STL,pglib_opf_case14_ieee,2500,1500,448.0,0.00012544114579209984,1.2517062187194825,0.23866045176982875,0.08535893261432642,0.112765622138977,0.036334806680679274,0.23866045176982875,0.07647730410099027,0.112765622138977,0.03121187873184676,0.0048121264204382605,0.00188410344999278,0.001693709171377,0.0006692020338959,0.0142083456739782,0.0033965396694838,0.0017020362196489,0.0003574927221051,0.0331384181976318,0.0118314503226428,0.0044596924912184,0.0008150423469487
117,STL,pglib_opf_case14_ieee,5000,1500,448.0,0.00011014305782733665,1.0954888224601746,0.21826321780681607,0.07398738414049147,0.09662000834941857,0.03084386289119716,0.21826321780681607,0.06829236447811124,0.09662000834941857,0.02748876623809332,0.0050410610623657,0.00205297837965184,0.0020397397223859,0.0008200135431252,0.0147746235132216,0.0036183738149702,0.0016485546482726,0.0003443739318754,0.0324313402175902,0.0118017366155981,0.0040552390739321,0.0007690191036089
118,STL,pglib_opf_case14_ieee,10000,1500,448.0,5.17401575052645e-05,0.6013319730758667,0.21923862099647518,0.06859952881932256,0.08551071286201473,0.02812159359455104,0.21923862099647518,0.06525397449731822,0.08551071286201473,0.02468232102692122,0.0039153221994638,0.00149825795087958,0.0014913900289684,0.0005753617500885,0.0229894932359456,0.004701814521104,0.0016223004087805,0.0003377171000465,0.0153160572052001,0.0030520949978381,0.002018654369749,0.0003297100716736
119,STL,pglib_opf_case14_ieee,15000,1500,448.0,4.660324557335116e-05,0.545544695854187,0.2068049013614654,0.06201333850622172,0.07686923593282696,0.024822605401277502,0.2068049013614654,0.06076003387570376,0.07686923593282696,0.02437137216329572,0.00392071856185788,0.00156825685407962,0.0017069471767171,0.0006468948908149,0.0211559809744357,0.0043637705035507,0.0014756588614545,0.0003045707009732,0.0137300729751586,0.0025688716210424,0.0020171564770862,0.0003227897977921
120,STL,pglib_opf_case14_ieee,20000,1500,448.0,3.489454611553811e-05,0.36569361686706536,0.1978317350149154,0.04943603351712222,0.06690447032451627,0.0224798388779163,0.1978317350149154,0.0618220560252666,0.06690447032451627,0.02384863607585424,0.00393610680475826,0.0014811306027695,0.0015771153382956,0.0005843576276674,0.022947872430086,0.0046409095637499,0.0015664990758522,0.0003237594442907,0.0104975223541259,0.001875422685407,0.0018503630766644,0.0002531455480493
121,STL,pglib_opf_case14_ieee,25000,1500,448.0,3.280412893218454e-05,0.36672219038009646,0.21463530957698818,0.06125393137335772,0.077030836045742,0.02467166297137732,0.21463530957698818,0.06694114059209819,0.077030836045742,0.0247774392366409,0.00377739863470192,0.00144373727962368,0.0016754895914345,0.000675815710565,0.0237497773021459,0.0048940114676952,0.0014853553380816,0.000307164795231,0.0082781553268432,0.0015539356740191,0.001384064904414,0.000194350988022
