task,depth,sample_index,target_params,target_log10_params,target_decade,solved_width,architecture,solved_parameter_count,solved_log10_params,selected_for_band,is_unique_candidate
anomaly,1,1,165,2.217484,2,1,[1],165,2.217484,True,True
anomaly,1,2,258,2.41162,2,2,[2],276,2.440909,True,True
anomaly,1,3,350,2.544068,2,3,[3],387,2.587711,True,True
anomaly,1,4,443,2.646404,2,4,[4],498,2.697229,True,True
anomaly,1,5,536,2.729165,2,4,[4],498,2.697229,True,False
anomaly,1,6,628,2.79796,2,5,[5],609,2.784617,True,True
anomaly,1,7,721,2.857935,2,6,[6],720,2.857332,True,True
anomaly,1,8,814,2.910624,2,7,[7],831,2.919601,True,True
anomaly,1,9,906,2.957128,2,8,[8],942,2.974051,True,True
anomaly,1,10,999,2.999565,2,9,[9],1053,3.022428,True,True
anomaly,1,11,1000,3.0,3,9,[9],1053,3.022428,True,False
anomaly,1,12,2000,3.30103,3,18,[18],2052,3.312177,True,True
anomaly,1,13,3000,3.477121,3,27,[27],3051,3.484442,True,True
anomaly,1,14,4000,3.60206,3,36,[36],4050,3.607455,True,True
anomaly,1,15,5000,3.69897,3,45,[45],5049,3.703205,True,True
anomaly,1,16,5999,3.778079,3,54,[54],6048,3.781612,True,True
anomaly,1,17,6999,3.845036,3,63,[63],7047,3.848004,True,True
anomaly,1,18,7999,3.903036,3,72,[72],8046,3.90558,True,True
anomaly,1,19,8999,3.954194,3,81,[81],9045,3.956409,True,True
anomaly,1,20,9999,3.999957,3,90,[90],10044,4.001907,True,True
anomaly,1,21,10000,4.0,4,90,[90],10044,4.001907,True,False
anomaly,1,22,20000,4.30103,4,180,[180],20034,4.301768,True,True
anomaly,1,23,30000,4.477121,4,270,[270],30024,4.477469,True,True
anomaly,1,24,40000,4.60206,4,360,[360],40014,4.602212,True,True
anomaly,1,25,50000,4.69897,4,450,[450],50004,4.699005,True,True
anomaly,1,26,59999,4.778144,4,540,[540],59994,4.778108,True,True
anomaly,1,27,69999,4.845092,4,630,[630],69984,4.844999,True,True
anomaly,1,28,79999,4.903085,4,720,[720],79974,4.902949,True,True
anomaly,1,29,89999,4.954238,4,810,[810],89964,4.954069,True,True
anomaly,1,30,99999,4.999996,4,900,[900],99954,4.9998,True,True
anomaly,1,31,100000,5.0,5,900,[900],99954,4.9998,True,False
anomaly,1,32,200000,5.30103,5,1801,[1801],199965,5.300954,True,True
anomaly,1,33,300000,5.477121,5,2702,[2702],299976,5.477087,True,True
anomaly,1,34,400000,5.60206,5,3603,[3603],399987,5.602046,True,True
anomaly,1,35,500000,5.69897,5,4504,[4504],499998,5.698968,True,True
anomaly,1,36,599999,5.778151,5,5405,[5405],600009,5.778158,True,True
anomaly,1,37,699999,5.845097,5,6306,[6306],700020,5.84511,True,True
anomaly,1,38,799999,5.903089,5,7207,[7207],800031,5.903107,True,True
anomaly,1,39,899999,5.954242,5,8108,[8108],900042,5.954263,True,True
anomaly,1,40,999999,6.0,5,9009,[9009],1000053,6.000023,True,True
anomaly,1,41,1000000,6.0,6,9009,[9009],1000053,6.000023,True,False
anomaly,1,42,1140692,6.057168,6,10276,[10276],1140690,6.057168,True,True
anomaly,1,43,1281384,6.107679,6,11544,[11544],1281438,6.107698,True,True
anomaly,1,44,1422077,6.152923,6,12811,[12811],1422075,6.152923,True,True
anomaly,1,45,1562769,6.193895,6,14079,[14079],1562823,6.19391,True,True
anomaly,1,46,1703461,6.231332,6,15346,[15346],1703460,6.231332,True,True
anomaly,1,47,1844153,6.265797,6,16614,[16614],1844208,6.26581,True,True
anomaly,1,48,1984846,6.297727,6,17881,[17881],1984845,6.297727,True,True
anomaly,1,49,2125538,6.327469,6,19149,[19149],2125593,6.32748,True,True
anomaly,1,50,2266230,6.355304,6,20416,[20416],2266230,6.355304,True,True
anomaly,2,1,169,2.227887,2,1,"[1, 1]",169,2.227887,True,True
anomaly,2,2,261,2.416641,2,2,"[2, 2]",286,2.456366,True,True
anomaly,2,3,353,2.547775,2,3,"[3, 3]",405,2.607455,True,True
anomaly,2,4,446,2.649335,2,3,"[3, 3]",405,2.607455,True,False
anomaly,2,5,538,2.730782,2,4,"[4, 4]",526,2.720986,True,True
anomaly,2,6,630,2.799341,2,5,"[5, 5]",649,2.812245,True,True
anomaly,2,7,722,2.858537,2,6,"[6, 6]",774,2.888741,True,True
anomaly,2,8,815,2.911158,2,6,"[6, 6]",774,2.888741,True,False
anomaly,2,9,907,2.957607,2,7,"[7, 7]",901,2.954725,True,True
anomaly,2,10,999,2.999565,2,8,"[8, 8]",1030,3.012837,True,True
anomaly,2,11,1000,3.0,3,8,"[8, 8]",1030,3.012837,True,False
anomaly,2,12,2000,3.30103,3,15,"[15, 15]",1989,3.298635,True,True
anomaly,2,13,3000,3.477121,3,22,"[22, 22]",3046,3.48373,True,True
anomaly,2,14,4000,3.60206,3,28,"[28, 28]",4030,3.605305,True,True
anomaly,2,15,5000,3.69897,3,34,"[34, 34]",5086,3.706376,True,True
anomaly,2,16,5999,3.778079,3,39,"[39, 39]",6021,3.779669,True,True
anomaly,2,17,6999,3.845036,3,44,"[44, 44]",7006,3.84547,True,True
anomaly,2,18,7999,3.903036,3,49,"[49, 49]",8041,3.90531,True,True
anomaly,2,19,8999,3.954194,3,53,"[53, 53]",8905,3.949634,True,True
anomaly,2,20,9999,3.999957,3,58,"[58, 58]",10030,4.001301,True,True
anomaly,2,21,10000,4.0,4,58,"[58, 58]",10030,4.001301,True,False
anomaly,2,22,20000,4.30103,4,95,"[95, 95]",19909,4.299049,True,True
anomaly,2,23,30000,4.477121,4,125,"[125, 125]",29929,4.476092,True,True
anomaly,2,24,40000,4.60206,4,151,"[151, 151]",40069,4.602809,True,True
anomaly,2,25,50000,4.69897,4,174,"[174, 174]",50166,4.700409,True,True
anomaly,2,26,59999,4.778144,4,194,"[194, 194]",59806,4.776745,True,True
anomaly,2,27,69999,4.845092,4,214,"[214, 214]",70246,4.846622,True,True
anomaly,2,28,79999,4.903085,4,231,"[231, 231]",79749,4.901725,True,True
anomaly,2,29,89999,4.954238,4,248,"[248, 248]",89830,4.953421,True,True
anomaly,2,30,99999,4.999996,4,264,"[264, 264]",99846,4.999331,True,True
anomaly,2,31,100000,5.0,5,264,"[264, 264]",99846,4.999331,True,False
anomaly,2,32,200000,5.30103,5,394,"[394, 394]",200206,5.301477,True,True
anomaly,2,33,300000,5.477121,5,494,"[494, 494]",300406,5.477709,True,True
anomaly,2,34,400000,5.60206,5,578,"[578, 578]",400030,5.602093,True,True
anomaly,2,35,500000,5.69897,5,652,"[652, 652]",499486,5.698523,True,True
anomaly,2,36,599999,5.778151,5,720,"[720, 720]",600534,5.778538,True,True
anomaly,2,37,699999,5.845097,5,782,"[782, 782]",700726,5.845548,True,True
anomaly,2,38,799999,5.903089,5,839,"[839, 839]",799621,5.902884,True,True
anomaly,2,39,899999,5.954242,5,893,"[893, 893]",899305,5.953907,True,True
anomaly,2,40,999999,6.0,5,945,"[945, 945]",1000809,6.000351,True,True
anomaly,2,41,1000000,6.0,6,945,"[945, 945]",1000809,6.000351,True,False
anomaly,2,42,2000000,6.30103,6,1358,"[1358, 1358]",1999030,6.300819,True,True
anomaly,2,43,3000000,6.477121,6,1676,"[1676, 1676]",3000094,6.477135,True,True
anomaly,2,44,4000000,6.60206,6,1944,"[1944, 1944]",4000806,6.602147,True,True
anomaly,2,45,5000000,6.69897,6,2180,"[2180, 2180]",5000974,6.699055,True,True
anomaly,2,46,5999999,6.778151,6,2393,"[2393, 2393]",5999305,6.778101,True,True
anomaly,2,47,6999999,6.845098,6,2589,"[2589, 2589]",6998121,6.844981,True,True
anomaly,2,48,7999999,6.90309,6,2772,"[2772, 2772]",8000046,6.903092,True,True
anomaly,2,49,8999999,6.954242,6,2944,"[2944, 2944]",9002806,6.954378,True,True
anomaly,2,50,9999999,7.0,6,3106,"[3106, 3106]",10001374,7.00006,True,True
anomaly,2,51,10000000,7.0,7,3106,"[3106, 3106]",10001374,7.00006,True,False
anomaly,2,52,20000000,7.30103,7,4415,"[4415, 4415]",19995589,7.300934,True,True
anomaly,2,53,30000000,7.477121,7,5421,"[5421, 5421]",30005289,7.477198,True,True
anomaly,2,54,40000000,7.60206,7,6268,"[6268, 6268]",40002430,7.602086,True,True
anomaly,2,55,50000000,7.69897,7,7014,"[7014, 7014]",49995846,7.698934,True,True
anomaly,2,56,59999999,7.778151,7,7689,"[7689, 7689]",59997321,7.778132,True,True
anomaly,2,57,69999999,7.845098,7,8310,"[8310, 8310]",70003494,7.84512,True,True
anomaly,2,58,79999999,7.90309,7,8887,"[8887, 8887]",79991941,7.903046,True,True
anomaly,2,59,89999999,7.954243,7,9430,"[9430, 9430]",89999974,7.954242,True,True
anomaly,2,60,99999999,8.0,7,9943,"[9943, 9943]",99996805,7.999986,True,True
anomaly,2,61,100000000,8.0,8,9943,"[9943, 9943]",99996805,7.999986,True,False
anomaly,2,62,111701894,8.048061,8,10512,"[10512, 10512]",111700566,8.048055,True,True
anomaly,2,63,123403788,8.091328,8,11052,"[11052, 11052]",123406686,8.091339,True,True
anomaly,2,64,135105682,8.130674,8,11567,"[11567, 11567]",135114181,8.130701,True,True
anomaly,2,65,146807576,8.166748,8,12060,"[12060, 12060]",146818494,8.166781,True,True
anomaly,2,66,158509470,8.200055,8,12533,"[12533, 12533]",158504905,8.200043,True,True
anomaly,2,67,170211364,8.230989,8,12990,"[12990, 12990]",170221014,8.231013,True,True
anomaly,2,68,181913258,8.259864,8,13431,"[13431, 13431]",181922949,8.259887,True,True
anomaly,2,69,193615152,8.286939,8,13858,"[13858, 13858]",193624030,8.286959,True,True
anomaly,2,70,205317046,8.312425,8,14272,"[14272, 14272]",205317046,8.312425,True,True
anomaly,3,1,173,2.238046,2,1,"[1, 1, 1]",173,2.238046,True,True
anomaly,3,2,265,2.423246,2,2,"[2, 2, 2]",296,2.471292,True,True
anomaly,3,3,357,2.552668,2,2,"[2, 2, 2]",296,2.471292,True,False
anomaly,3,4,448,2.651278,2,3,"[3, 3, 3]",423,2.62634,True,True
anomaly,3,5,540,2.732394,2,4,"[4, 4, 4]",554,2.74351,True,True
anomaly,3,6,632,2.800717,2,5,"[5, 5, 5]",689,2.838219,True,True
anomaly,3,7,724,2.859739,2,5,"[5, 5, 5]",689,2.838219,True,False
anomaly,3,8,815,2.911158,2,6,"[6, 6, 6]",828,2.91803,True,True
anomaly,3,9,907,2.957607,2,7,"[7, 7, 7]",971,2.987219,True,True
anomaly,3,10,999,2.999565,2,7,"[7, 7, 7]",971,2.987219,True,False
anomaly,3,11,1000,3.0,3,7,"[7, 7, 7]",971,2.987219,True,False
anomaly,3,12,2000,3.30103,3,14,"[14, 14, 14]",2084,3.318898,True,True
anomaly,3,13,3000,3.477121,3,19,"[19, 19, 19]",2999,3.476976,True,True
anomaly,3,14,4000,3.60206,3,24,"[24, 24, 24]",4014,3.603577,True,True
anomaly,3,15,5000,3.69897,3,28,"[28, 28, 28]",4898,3.690019,True,True
anomaly,3,16,5999,3.778079,3,33,"[33, 33, 33]",6093,3.784831,True,True
anomaly,3,17,6999,3.845036,3,37,"[37, 37, 37]",7121,3.852541,True,True
anomaly,3,18,7999,3.903036,3,40,"[40, 40, 40]",7934,3.899492,True,True
anomaly,3,19,8999,3.954194,3,44,"[44, 44, 44]",9074,3.957799,True,True
anomaly,3,20,9999,3.999957,3,47,"[47, 47, 47]",9971,3.998739,True,True
anomaly,3,21,10000,4.0,4,47,"[47, 47, 47]",9971,3.998739,True,False
anomaly,3,22,20000,4.30103,4,75,"[75, 75, 75]",20079,4.302742,True,True
anomaly,3,23,30000,4.477121,4,97,"[97, 97, 97]",30221,4.480309,True,True
anomaly,3,24,40000,4.60206,4,115,"[115, 115, 115]",39959,4.601615,True,True
anomaly,3,25,50000,4.69897,4,131,"[131, 131, 131]",49703,4.696383,True,True
anomaly,3,26,59999,4.778144,4,146,"[146, 146, 146]",59768,4.776469,True,True
anomaly,3,27,69999,4.845092,4,160,"[160, 160, 160]",69974,4.844937,True,True
anomaly,3,28,79999,4.903085,4,173,"[173, 173, 173]",80153,4.90392,True,True
anomaly,3,29,89999,4.954238,4,185,"[185, 185, 185]",90149,4.954961,True,True
anomaly,3,30,99999,4.999996,4,196,"[196, 196, 196]",99818,4.999209,True,True
anomaly,3,31,100000,5.0,5,196,"[196, 196, 196]",99818,4.999209,True,False
anomaly,3,32,200000,5.30103,5,288,"[288, 288, 288]",199638,5.300243,True,True
anomaly,3,33,300000,5.477121,5,359,"[359, 359, 359]",299819,5.476859,True,True
anomaly,3,34,400000,5.60206,5,419,"[419, 419, 419]",400199,5.602276,True,True
anomaly,3,35,500000,5.69897,5,472,"[472, 472, 472]",500846,5.699704,True,True
anomaly,3,36,599999,5.778151,5,519,"[519, 519, 519]",599499,5.777788,True,True
anomaly,3,37,699999,5.845097,5,563,"[563, 563, 563]",699863,5.845013,True,True
anomaly,3,38,799999,5.903089,5,604,"[604, 604, 604]",800354,5.903282,True,True
anomaly,3,39,899999,5.954242,5,642,"[642, 642, 642]",899496,5.953999,True,True
anomaly,3,40,999999,6.0,5,678,"[678, 678, 678]",998748,5.999456,True,True
anomaly,3,41,1000000,6.0,6,678,"[678, 678, 678]",998748,5.999456,True,False
anomaly,3,42,2000000,6.30103,6,971,"[971, 971, 971]",1999343,6.300887,True,True
anomaly,3,43,3000000,6.477121,6,1196,"[1196, 1196, 1196]",3000818,6.47724,True,True
anomaly,3,44,4000000,6.60206,6,1385,"[1385, 1385, 1385]",3998549,6.601902,True,True
anomaly,3,45,5000000,6.69897,6,1552,"[1552, 1552, 1552]",4999046,6.698887,True,True
anomaly,3,46,5999999,6.778151,6,1703,"[1703, 1703, 1703]",5999723,6.778131,True,True
anomaly,3,47,6999999,6.845098,6,1842,"[1842, 1842, 1842]",7001496,6.845191,True,True
anomaly,3,48,7999999,6.90309,6,1971,"[1971, 1971, 1971]",8000343,6.903109,True,True
anomaly,3,49,8999999,6.954242,6,2092,"[2092, 2092, 2092]",8997746,6.954134,True,True
anomaly,3,50,9999999,7.0,6,2207,"[2207, 2207, 2207]",9999971,6.999999,True,True
anomaly,3,51,10000000,7.0,7,2207,"[2207, 2207, 2207]",9999971,6.999999,True,False
anomaly,3,52,20000000,7.30103,7,3133,"[3133, 3133, 3133]",19997993,7.300986,True,True
anomaly,3,53,30000000,7.477121,7,3844,"[3844, 3844, 3844]",30002474,7.477157,True,True
anomaly,3,54,40000000,7.60206,7,4443,"[4443, 4443, 4443]",40000383,7.602064,True,True
anomaly,3,55,50000000,7.69897,7,4971,"[4971, 4971, 4971]",50003343,7.698999,True,True
anomaly,3,56,59999999,7.778151,7,5448,"[5448, 5448, 5448]",59998878,7.778143,True,True
anomaly,3,57,69999999,7.845098,7,5887,"[5887, 5887, 5887]",70002371,7.845113,True,True
anomaly,3,58,79999999,7.90309,7,6295,"[6295, 6295, 6295]",79990619,7.903039,True,True
anomaly,3,59,89999999,7.954243,7,6679,"[6679, 6679, 6679]",89999579,7.95424,True,True
anomaly,3,60,99999999,8.0,7,7042,"[7042, 7042, 7042]",100003496,8.000015,True,True
anomaly,3,61,100000000,8.0,8,7042,"[7042, 7042, 7042]",100003496,8.000015,True,False
anomaly,3,62,113806975,8.056169,8,7514,"[7514, 7514, 7514]",113799584,8.056141,True,True
anomaly,3,63,127613950,8.105898,8,7959,"[7959, 7959, 7959]",127622619,8.105928,True,True
anomaly,3,64,141420925,8.150514,8,8380,"[8380, 8380, 8380]",141429314,8.150539,True,True
anomaly,3,65,155227900,8.19097,8,8781,"[8781, 8781, 8781]",155239353,8.191002,True,True
anomaly,3,66,169034874,8.227976,8,9164,"[9164, 9164, 9164]",169030034,8.227964,True,True
anomaly,3,67,182841849,8.262076,8,9532,"[9532, 9532, 9532]",182833346,8.262055,True,True
anomaly,3,68,196648824,8.293691,8,9887,"[9887, 9887, 9887]",196662371,8.293721,True,True
anomaly,3,69,210455799,8.323161,8,10229,"[10229, 10229, 10229]",210461729,8.323173,True,True
anomaly,3,70,224262774,8.350757,8,10560,"[10560, 10560, 10560]",224262774,8.350757,True,True
anomaly,4,1,177,2.247973,2,1,"[1, 1, 1, 1]",177,2.247973,True,True
anomaly,4,2,268,2.428135,2,2,"[2, 2, 2, 2]",306,2.485721,True,True
anomaly,4,3,360,2.556303,2,2,"[2, 2, 2, 2]",306,2.485721,True,False
anomaly,4,4,451,2.654177,2,3,"[3, 3, 3, 3]",441,2.644439,True,True
anomaly,4,5,542,2.733999,2,4,"[4, 4, 4, 4]",582,2.764923,True,True
anomaly,4,6,634,2.802089,2,4,"[4, 4, 4, 4]",582,2.764923,True,False
anomaly,4,7,725,2.860338,2,5,"[5, 5, 5, 5]",729,2.862728,True,True
anomaly,4,8,816,2.91169,2,6,"[6, 6, 6, 6]",882,2.945469,True,True
anomaly,4,9,908,2.958086,2,6,"[6, 6, 6, 6]",882,2.945469,True,False
anomaly,4,10,999,2.999565,2,7,"[7, 7, 7, 7]",1041,3.017451,True,True
anomaly,4,11,1000,3.0,3,7,"[7, 7, 7, 7]",1041,3.017451,True,False
anomaly,4,12,2000,3.30103,3,12,"[12, 12, 12, 12]",1926,3.284656,True,True
anomaly,4,13,3000,3.477121,3,17,"[17, 17, 17, 17]",2961,3.471438,True,True
anomaly,4,14,4000,3.60206,3,21,"[21, 21, 21, 21]",3897,3.59073,True,True
anomaly,4,15,5000,3.69897,3,25,"[25, 25, 25, 25]",4929,3.692759,True,True
anomaly,4,16,5999,3.778079,3,29,"[29, 29, 29, 29]",6057,3.782258,True,True
anomaly,4,17,6999,3.845036,3,32,"[32, 32, 32, 32]",6966,3.842983,True,True
anomaly,4,18,7999,3.903036,3,35,"[35, 35, 35, 35]",7929,3.899218,True,True
anomaly,4,19,8999,3.954194,3,38,"[38, 38, 38, 38]",8946,3.951629,True,True
anomaly,4,20,9999,3.999957,3,41,"[41, 41, 41, 41]",10017,4.000738,True,True
anomaly,4,21,10000,4.0,4,41,"[41, 41, 41, 41]",10017,4.000738,True,False
anomaly,4,22,20000,4.30103,4,64,"[64, 64, 64, 64]",20022,4.301507,True,True
anomaly,4,23,30000,4.477121,4,82,"[82, 82, 82, 82]",30066,4.478076,True,True
anomaly,4,24,40000,4.60206,4,97,"[97, 97, 97, 97]",39921,4.601201,True,True
anomaly,4,25,50000,4.69897,4,111,"[111, 111, 111, 111]",50337,4.701887,True,True
anomaly,4,26,59999,4.778144,4,123,"[123, 123, 123, 123]",60201,4.779604,True,True
anomaly,4,27,69999,4.845092,4,134,"[134, 134, 134, 134]",70002,4.84511,True,True
anomaly,4,28,79999,4.903085,4,144,"[144, 144, 144, 144]",79542,4.900597,True,True
anomaly,4,29,89999,4.954238,4,154,"[154, 154, 154, 154]",89682,4.952705,True,True
anomaly,4,30,99999,4.999996,4,164,"[164, 164, 164, 164]",100422,5.001829,True,True
anomaly,4,31,100000,5.0,5,164,"[164, 164, 164, 164]",100422,5.001829,True,False
anomaly,4,32,200000,5.30103,5,239,"[239, 239, 239, 239]",200097,5.301241,True,True
anomaly,4,33,300000,5.477121,5,297,"[297, 297, 297, 297]",300321,5.477586,True,True
anomaly,4,34,400000,5.60206,5,346,"[346, 346, 346, 346]",400722,5.602843,True,True
anomaly,4,35,500000,5.69897,5,389,"[389, 389, 389, 389]",500697,5.699575,True,True
anomaly,4,36,599999,5.778151,5,428,"[428, 428, 428, 428]",600966,5.77885,True,True
anomaly,4,37,699999,5.845097,5,463,"[463, 463, 463, 463]",698721,5.844304,True,True
anomaly,4,38,799999,5.903089,5,497,"[497, 497, 497, 497]",800721,5.903481,True,True
anomaly,4,39,899999,5.954242,5,528,"[528, 528, 528, 528]",899766,5.95413,True,True
anomaly,4,40,999999,6.0,5,558,"[558, 558, 558, 558]",1001106,6.00048,True,True
anomaly,4,41,1000000,6.0,6,558,"[558, 558, 558, 558]",1001106,6.00048,True,False
anomaly,4,42,2000000,6.30103,6,797,"[797, 797, 797, 797]",2001321,6.301317,True,True
anomaly,4,43,3000000,6.477121,6,980,"[980, 980, 980, 980]",2998854,6.476955,True,True
anomaly,4,44,4000000,6.60206,6,1135,"[1135, 1135, 1135, 1135]",4000929,6.602161,True,True
anomaly,4,45,5000000,6.69897,6,1271,"[1271, 1271, 1271, 1271]",4998897,6.698874,True,True
anomaly,4,46,5999999,6.778151,6,1394,"[1394, 1394, 1394, 1394]",5997042,6.777937,True,True
anomaly,4,47,6999999,6.845098,6,1508,"[1508, 1508, 1508, 1508]",7003206,6.845297,True,True
anomaly,4,48,7999999,6.90309,6,1613,"[1613, 1613, 1613, 1613]",7998921,6.903031,True,True
anomaly,4,49,8999999,6.954242,6,1712,"[1712, 1712, 1712, 1712]",8998326,6.954162,True,True
anomaly,4,50,9999999,7.0,6,1806,"[1806, 1806, 1806, 1806]",10001682,7.000073,True,True
anomaly,4,51,10000000,7.0,7,1806,"[1806, 1806, 1806, 1806]",10001682,7.000073,True,False
anomaly,4,52,20000000,7.30103,7,2562,"[2562, 2562, 2562, 2562]",19999026,7.301009,True,True
anomaly,4,53,30000000,7.477121,7,3142,"[3142, 3142, 3142, 3142]",29993586,7.477028,True,True
anomaly,4,54,40000000,7.60206,7,3632,"[3632, 3632, 3632, 3632]",40010166,7.60217,True,True
anomaly,4,55,50000000,7.69897,7,4063,"[4063, 4063, 4063, 4063]",50011521,7.69907,True,True
anomaly,4,56,59999999,7.778151,7,4452,"[4452, 4452, 4452, 4452]",59995206,7.778117,True,True
anomaly,4,57,69999999,7.845098,7,4810,"[4810, 4810, 4810, 4810]",69985554,7.845008,True,True
anomaly,4,58,79999999,7.90309,7,5144,"[5144, 5144, 5144, 5144]",79999542,7.903088,True,True
anomaly,4,59,89999999,7.954243,7,5457,"[5457, 5457, 5457, 5457]",89991441,7.954201,True,True
anomaly,4,60,99999999,8.0,7,5754,"[5754, 5754, 5754, 5754]",100016082,8.00007,True,True
anomaly,4,61,100000000,8.0,8,5754,"[5754, 5754, 5754, 5754]",100016082,8.00007,True,False
anomaly,4,62,113153770,8.053669,8,6122,"[6122, 6122, 6122, 6122]",113171346,8.053736,True,True
anomaly,4,63,126307539,8.101429,8,6469,"[6469, 6469, 6469, 6469]",126320217,8.101473,True,True
anomaly,4,64,139461309,8.144454,8,6798,"[6798, 6798, 6798, 6798]",139454226,8.144432,True,True
anomaly,4,65,152615078,8.183597,8,7112,"[7112, 7112, 7112, 7112]",152595126,8.183541,True,True
anomaly,4,66,165768848,8.219503,8,7413,"[7413, 7413, 7413, 7413]",165747321,8.219447,True,True
anomaly,4,67,178922617,8.252665,8,7703,"[7703, 7703, 7703, 7703]",178933041,8.252691,True,True
anomaly,4,68,192076387,8.283474,8,7982,"[7982, 7982, 7982, 7982]",192094866,8.283516,True,True
anomaly,4,69,205230156,8.312241,8,8251,"[8251, 8251, 8251, 8251]",205227177,8.312235,True,True
anomaly,4,70,218383926,8.339221,8,8512,"[8512, 8512, 8512, 8512]",218383926,8.339221,True,True
anomaly,5,1,181,2.257679,2,1,"[1, 1, 1, 1, 1]",181,2.257679,True,True
anomaly,5,2,272,2.434569,2,2,"[2, 2, 2, 2, 2]",316,2.499687,True,True
anomaly,5,3,363,2.559907,2,2,"[2, 2, 2, 2, 2]",316,2.499687,True,False
anomaly,5,4,454,2.657056,2,3,"[3, 3, 3, 3, 3]",459,2.661813,True,True
anomaly,5,5,545,2.736397,2,4,"[4, 4, 4, 4, 4]",610,2.78533,True,True
anomaly,5,6,635,2.802774,2,4,"[4, 4, 4, 4, 4]",610,2.78533,True,False
anomaly,5,7,726,2.860937,2,5,"[5, 5, 5, 5, 5]",769,2.885926,True,True
anomaly,5,8,817,2.912222,2,5,"[5, 5, 5, 5, 5]",769,2.885926,True,False
anomaly,5,9,908,2.958086,2,6,"[6, 6, 6, 6, 6]",936,2.971276,True,True
anomaly,5,10,999,2.999565,2,6,"[6, 6, 6, 6, 6]",936,2.971276,True,False
anomaly,5,11,1000,3.0,3,6,"[6, 6, 6, 6, 6]",936,2.971276,True,False
anomaly,5,12,2000,3.30103,3,12,"[12, 12, 12, 12, 12]",2106,3.323458,True,True
anomaly,5,13,3000,3.477121,3,16,"[16, 16, 16, 16, 16]",3046,3.48373,True,True
anomaly,5,14,4000,3.60206,3,20,"[20, 20, 20, 20, 20]",4114,3.614264,True,True
anomaly,5,15,5000,3.69897,3,23,"[23, 23, 23, 23, 23]",4999,3.698883,True,True
anomaly,5,16,5999,3.778079,3,26,"[26, 26, 26, 26, 26]",5956,3.774955,True,True
anomaly,5,17,6999,3.845036,3,29,"[29, 29, 29, 29, 29]",6985,3.844166,True,True
anomaly,5,18,7999,3.903036,3,32,"[32, 32, 32, 32, 32]",8086,3.907734,True,True
anomaly,5,19,8999,3.954194,3,34,"[34, 34, 34, 34, 34]",8860,3.947434,True,True
anomaly,5,20,9999,3.999957,3,37,"[37, 37, 37, 37, 37]",10081,4.003504,True,True
anomaly,5,21,10000,4.0,4,37,"[37, 37, 37, 37, 37]",10081,4.003504,True,False
anomaly,5,22,20000,4.30103,4,57,"[57, 57, 57, 57, 57]",20061,4.302353,True,True
anomaly,5,23,30000,4.477121,4,73,"[73, 73, 73, 73, 73]",30349,4.482144,True,True
anomaly,5,24,40000,4.60206,4,86,"[86, 86, 86, 86, 86]",40216,4.604399,True,True
anomaly,5,25,50000,4.69897,4,97,"[97, 97, 97, 97, 97]",49621,4.695666,True,True
anomaly,5,26,59999,4.778144,4,108,"[108, 108, 108, 108, 108]",59994,4.778108,True,True
anomaly,5,27,69999,4.845092,4,118,"[118, 118, 118, 118, 118]",70264,4.846733,True,True
anomaly,5,28,79999,4.903085,4,127,"[127, 127, 127, 127, 127]",80191,4.904126,True,True
anomaly,5,29,89999,4.954238,4,135,"[135, 135, 135, 135, 135]",89559,4.952109,True,True
anomaly,5,30,99999,4.999996,4,143,"[143, 143, 143, 143, 143]",99439,4.997557,True,True
anomaly,5,31,100000,5.0,5,143,"[143, 143, 143, 143, 143]",99439,4.997557,True,False
anomaly,5,32,200000,5.30103,5,209,"[209, 209, 209, 209, 209]",200485,5.302082,True,True
anomaly,5,33,300000,5.477121,5,259,"[259, 259, 259, 259, 259]",300235,5.477461,True,True
anomaly,5,34,400000,5.60206,5,301,"[301, 301, 301, 301, 301]",399481,5.601496,True,True
anomaly,5,35,500000,5.69897,5,338,"[338, 338, 338, 338, 338]",498604,5.697756,True,True
anomaly,5,36,599999,5.778151,5,372,"[372, 372, 372, 372, 372]",599346,5.777678,True,True
anomaly,5,37,699999,5.845097,5,403,"[403, 403, 403, 403, 403]",699259,5.844638,True,True
anomaly,5,38,799999,5.903089,5,432,"[432, 432, 432, 432, 432]",799686,5.902919,True,True
anomaly,5,39,899999,5.954242,5,459,"[459, 459, 459, 459, 459]",899235,5.953873,True,True
anomaly,5,40,999999,6.0,5,485,"[485, 485, 485, 485, 485]",1000609,6.000264,True,True
anomaly,5,41,1000000,6.0,6,485,"[485, 485, 485, 485, 485]",1000609,6.000264,True,False
anomaly,5,42,2000000,6.30103,6,692,"[692, 692, 692, 692, 692]",2000626,6.301166,True,True
anomaly,5,43,3000000,6.477121,6,851,"[851, 851, 851, 851, 851]",3001531,6.477343,True,True
anomaly,5,44,4000000,6.60206,6,985,"[985, 985, 985, 985, 985]",4002109,6.602289,True,True
anomaly,5,45,5000000,6.69897,6,1103,"[1103, 1103, 1103, 1103, 1103]",5002159,6.699157,True,True
anomaly,5,46,5999999,6.778151,6,1209,"[1209, 1209, 1209, 1209, 1209]",5995485,6.777824,True,True
anomaly,5,47,6999999,6.845098,6,1308,"[1308, 1308, 1308, 1308, 1308]",7004394,6.845371,True,True
anomaly,5,48,7999999,6.90309,6,1399,"[1399, 1399, 1399, 1399, 1399]",8000935,6.903141,True,True
anomaly,5,49,8999999,6.954242,6,1485,"[1485, 1485, 1485, 1485, 1485]",9003609,6.954417,True,True
anomaly,5,50,9999999,7.0,6,1566,"[1566, 1566, 1566, 1566, 1566]",10002096,7.000091,True,True
anomaly,5,51,10000000,7.0,7,1566,"[1566, 1566, 1566, 1566, 1566]",10002096,7.000091,True,False
anomaly,5,52,20000000,7.30103,7,2221,"[2221, 2221, 2221, 2221, 2221]",20004601,7.30113,True,True
anomaly,5,53,30000000,7.477121,7,2723,"[2723, 2723, 2723, 2723, 2723]",29993899,7.477033,True,True
anomaly,5,54,40000000,7.60206,7,3147,"[3147, 3147, 3147, 3147, 3147]",40001571,7.602077,True,True
anomaly,5,55,50000000,7.69897,7,3520,"[3520, 3520, 3520, 3520, 3520]",49994614,7.698923,True,True
anomaly,5,56,59999999,7.778151,7,3858,"[3858, 3858, 3858, 3858, 3858]",60011244,7.778233,True,True
anomaly,5,57,69999999,7.845098,7,4168,"[4168, 4168, 4168, 4168, 4168]",70001614,7.845108,True,True
anomaly,5,58,79999999,7.90309,7,4457,"[4457, 4457, 4457, 4457, 4457]",80007661,7.903132,True,True
anomaly,5,59,89999999,7.954243,7,4728,"[4728, 4728, 4728, 4728, 4728]",89997534,7.954231,True,True
anomaly,5,60,99999999,8.0,7,4985,"[4985, 4985, 4985, 4985, 4985]",100014109,8.000061,True,True
anomaly,5,61,100000000,8.0,8,4985,"[4985, 4985, 4985, 4985, 4985]",100014109,8.000061,True,False
anomaly,5,62,112647103,8.05172,8,5291,"[5291, 5291, 5291, 5291, 5291]",112629571,8.051652,True,True
anomaly,5,63,125294206,8.097931,8,5581,"[5581, 5581, 5581, 5581, 5581]",125276761,8.097871,True,True
anomaly,5,64,137941309,8.139694,8,5857,"[5857, 5857, 5857, 5857, 5857]",137938261,8.139685,True,True
anomaly,5,65,150588412,8.177792,8,6120,"[6120, 6120, 6120, 6120, 6120]",150570414,8.17774,True,True
anomaly,5,66,163235514,8.212815,8,6373,"[6373, 6373, 6373, 6373, 6373]",163244449,8.212838,True,True
anomaly,5,67,175882617,8.245223,8,6616,"[6616, 6616, 6616, 6616, 6616]",175899646,8.245265,True,True
anomaly,5,68,188529720,8.27538,8,6850,"[6850, 6850, 6850, 6850, 6850]",188532604,8.275386,True,True
anomaly,5,69,201176823,8.303578,8,7076,"[7076, 7076, 7076, 7076, 7076]",201149506,8.303519,True,True
anomaly,5,70,213823926,8.330056,8,7296,"[7296, 7296, 7296, 7296, 7296]",213823926,8.330056,True,True
anomaly,6,1,185,2.267172,2,1,"[1, 1, 1, 1, 1, 1]",185,2.267172,True,True
anomaly,6,2,275,2.439333,2,2,"[2, 2, 2, 2, 2, 2]",326,2.513218,True,True
anomaly,6,3,366,2.563481,2,2,"[2, 2, 2, 2, 2, 2]",326,2.513218,True,False
anomaly,6,4,456,2.658965,2,3,"[3, 3, 3, 3, 3, 3]",477,2.678518,True,True
anomaly,6,5,547,2.737987,2,3,"[3, 3, 3, 3, 3, 3]",477,2.678518,True,False
anomaly,6,6,637,2.804139,2,4,"[4, 4, 4, 4, 4, 4]",638,2.804821,True,True
anomaly,6,7,728,2.862131,2,5,"[5, 5, 5, 5, 5, 5]",809,2.907949,True,True
anomaly,6,8,818,2.912753,2,5,"[5, 5, 5, 5, 5, 5]",809,2.907949,True,False
anomaly,6,9,909,2.958564,2,6,"[6, 6, 6, 6, 6, 6]",990,2.995635,True,True
anomaly,6,10,999,2.999565,2,6,"[6, 6, 6, 6, 6, 6]",990,2.995635,True,False
anomaly,6,11,1000,3.0,3,6,"[6, 6, 6, 6, 6, 6]",990,2.995635,True,False
anomaly,6,12,2000,3.30103,3,11,"[11, 11, 11, 11, 11, 11]",2045,3.310693,True,True
anomaly,6,13,3000,3.477121,3,15,"[15, 15, 15, 15, 15, 15]",3069,3.486997,True,True
anomaly,6,14,4000,3.60206,3,18,"[18, 18, 18, 18, 18, 18]",3942,3.595717,True,True
anomaly,6,15,5000,3.69897,3,21,"[21, 21, 21, 21, 21, 21]",4905,3.690639,True,True
anomaly,6,16,5999,3.778079,3,24,"[24, 24, 24, 24, 24, 24]",5958,3.7751,True,True
anomaly,6,17,6999,3.845036,3,27,"[27, 27, 27, 27, 27, 27]",7101,3.85132,True,True
anomaly,6,18,7999,3.903036,3,29,"[29, 29, 29, 29, 29, 29]",7913,3.898341,True,True
anomaly,6,19,8999,3.954194,3,32,"[32, 32, 32, 32, 32, 32]",9206,3.964071,True,True
anomaly,6,20,9999,3.999957,3,34,"[34, 34, 34, 34, 34, 34]",10118,4.005095,True,True
anomaly,6,21,10000,4.0,4,34,"[34, 34, 34, 34, 34, 34]",10118,4.005095,True,False
anomaly,6,22,20000,4.30103,4,52,"[52, 52, 52, 52, 52, 52]",20126,4.303757,True,True
anomaly,6,23,30000,4.477121,4,66,"[66, 66, 66, 66, 66, 66]",30150,4.479287,True,True
anomaly,6,24,40000,4.60206,4,78,"[78, 78, 78, 78, 78, 78]",40302,4.605327,True,True
anomaly,6,25,50000,4.69897,4,88,"[88, 88, 88, 88, 88, 88]",49862,4.69777,True,True
anomaly,6,26,59999,4.778144,4,98,"[98, 98, 98, 98, 98, 98]",60422,4.781195,True,True
anomaly,6,27,69999,4.845092,4,106,"[106, 106, 106, 106, 106, 106]",69590,4.842547,True,True
anomaly,6,28,79999,4.903085,4,114,"[114, 114, 114, 114, 114, 114]",79398,4.89981,True,True
anomaly,6,29,89999,4.954238,4,122,"[122, 122, 122, 122, 122, 122]",89846,4.953499,True,True
anomaly,6,30,99999,4.999996,4,129,"[129, 129, 129, 129, 129, 129]",99513,4.99788,True,True
anomaly,6,31,100000,5.0,5,129,"[129, 129, 129, 129, 129, 129]",99513,4.99788,True,False
anomaly,6,32,200000,5.30103,5,188,"[188, 188, 188, 188, 188, 188]",200462,5.302032,True,True
anomaly,6,33,300000,5.477121,5,233,"[233, 233, 233, 233, 233, 233]",300857,5.47836,True,True
anomaly,6,34,400000,5.60206,5,271,"[271, 271, 271, 271, 271, 271]",401405,5.603583,True,True
anomaly,6,35,500000,5.69897,5,304,"[304, 304, 304, 304, 304, 304]",500438,5.69935,True,True
anomaly,6,36,599999,5.778151,5,334,"[334, 334, 334, 334, 334, 334]",599918,5.778092,True,True
anomaly,6,37,699999,5.845097,5,362,"[362, 362, 362, 362, 362, 362]",700886,5.845647,True,True
anomaly,6,38,799999,5.903089,5,388,"[388, 388, 388, 388, 388, 388]",801662,5.903991,True,True
anomaly,6,39,899999,5.954242,5,412,"[412, 412, 412, 412, 412, 412]",900686,5.954573,True,True
anomaly,6,40,999999,6.0,5,435,"[435, 435, 435, 435, 435, 435]",1000989,6.000429,True,True
anomaly,6,41,1000000,6.0,6,435,"[435, 435, 435, 435, 435, 435]",1000989,6.000429,True,False
anomaly,6,42,2000000,6.30103,6,620,"[620, 620, 620, 620, 620, 620]",2000174,6.301068,True,True
anomaly,6,43,3000000,6.477121,6,762,"[762, 762, 762, 762, 762, 762]",2999286,6.477018,True,True
anomaly,6,44,4000000,6.60206,6,882,"[882, 882, 882, 882, 882, 882]",4000806,6.602147,True,True
anomaly,6,45,5000000,6.69897,6,987,"[987, 987, 987, 987, 987, 987]",4995261,6.698558,True,True
anomaly,6,46,5999999,6.778151,6,1083,"[1083, 1083, 1083, 1083, 1083, 1083]",6000957,6.778221,True,True
anomaly,6,47,6999999,6.845098,6,1171,"[1171, 1171, 1171, 1171, 1171, 1171]",7003805,6.845334,True,True
anomaly,6,48,7999999,6.90309,6,1252,"[1252, 1252, 1252, 1252, 1252, 1252]",7995326,6.902836,True,True
anomaly,6,49,8999999,6.954242,6,1329,"[1329, 1329, 1329, 1329, 1329, 1329]",8998713,6.95418,True,True
anomaly,6,50,9999999,7.0,6,1402,"[1402, 1402, 1402, 1402, 1402, 1402]",10004726,7.000205,True,True
anomaly,6,51,10000000,7.0,7,1402,"[1402, 1402, 1402, 1402, 1402, 1402]",10004726,7.000205,True,False
anomaly,6,52,20000000,7.30103,7,1987,"[1987, 1987, 1987, 1987, 1987, 1987]",19991261,7.30084,True,True
anomaly,6,53,30000000,7.477121,7,2437,"[2437, 2437, 2437, 2437, 2437, 2437]",30001961,7.47715,True,True
anomaly,6,54,40000000,7.60206,7,2816,"[2816, 2816, 2816, 2816, 2816, 2816]",40004150,7.602105,True,True
anomaly,6,55,50000000,7.69897,7,3150,"[3150, 3150, 3150, 3150, 3150, 3150]",50009454,7.699052,True,True
anomaly,6,56,59999999,7.778151,7,3452,"[3452, 3452, 3452, 3452, 3452, 3452]",60016526,7.778271,True,True
anomaly,6,57,69999999,7.845098,7,3729,"[3729, 3729, 3729, 3729, 3729, 3729]",69997113,7.84508,True,True
anomaly,6,58,79999999,7.90309,7,3987,"[3987, 3987, 3987, 3987, 3987, 3987]",79983261,7.902999,True,True
anomaly,6,59,89999999,7.954243,7,4230,"[4230, 4230, 4230, 4230, 4230, 4230]",89997534,7.954231,True,True
anomaly,6,60,99999999,8.0,7,4460,"[4460, 4460, 4460, 4460, 4460, 4460]",100020014,8.000087,True,True
anomaly,6,61,100000000,8.0,8,4460,"[4460, 4460, 4460, 4460, 4460, 4460]",100020014,8.000087,True,False
anomaly,6,62,111734050,8.048186,8,4715,"[4715, 4715, 4715, 4715, 4715, 4715]",111750269,8.048249,True,True
anomaly,6,63,123468101,8.091555,8,4957,"[4957, 4957, 4957, 4957, 4957, 4957]",123483881,8.09161,True,True
anomaly,6,64,135202151,8.130984,8,5187,"[5187, 5187, 5187, 5187, 5187, 5187]",135178461,8.130907,True,True
anomaly,6,65,146936202,8.167129,8,5408,"[5408, 5408, 5408, 5408, 5408, 5408]",146913782,8.167063,True,True
anomaly,6,66,158670252,8.200496,8,5621,"[5621, 5621, 5621, 5621, 5621, 5621]",158686505,8.20054,True,True
anomaly,6,67,170404303,8.231481,8,5825,"[5825, 5825, 5825, 5825, 5825, 5825]",170387129,8.231437,True,True
anomaly,6,68,182138353,8.260401,8,6023,"[6023, 6023, 6023, 6023, 6023, 6023]",182141597,8.260409,True,True
anomaly,6,69,193872404,8.287516,8,6214,"[6214, 6214, 6214, 6214, 6214, 6214]",193851998,8.28747,True,True
anomaly,6,70,205606454,8.313037,8,6400,"[6400, 6400, 6400, 6400, 6400, 6400]",205606454,8.313037,True,True
anomaly,7,1,189,2.276462,2,1,"[1, 1, 1, 1, 1, 1, 1]",189,2.276462,True,True
anomaly,7,2,279,2.445604,2,2,"[2, 2, 2, 2, 2, 2, 2]",336,2.526339,True,True
anomaly,7,3,369,2.567026,2,2,"[2, 2, 2, 2, 2, 2, 2]",336,2.526339,True,False
anomaly,7,4,459,2.661813,2,3,"[3, 3, 3, 3, 3, 3, 3]",495,2.694605,True,True
anomaly,7,5,549,2.739572,2,3,"[3, 3, 3, 3, 3, 3, 3]",495,2.694605,True,False
anomaly,7,6,639,2.805501,2,4,"[4, 4, 4, 4, 4, 4, 4]",666,2.823474,True,True
anomaly,7,7,729,2.862728,2,4,"[4, 4, 4, 4, 4, 4, 4]",666,2.823474,True,False
anomaly,7,8,819,2.913284,2,5,"[5, 5, 5, 5, 5, 5, 5]",849,2.928908,True,True
anomaly,7,9,909,2.958564,2,5,"[5, 5, 5, 5, 5, 5, 5]",849,2.928908,True,False
anomaly,7,10,999,2.999565,2,6,"[6, 6, 6, 6, 6, 6, 6]",1044,3.0187,True,True
anomaly,7,11,1000,3.0,3,6,"[6, 6, 6, 6, 6, 6, 6]",1044,3.0187,True,False
anomaly,7,12,2000,3.30103,3,10,"[10, 10, 10, 10, 10, 10, 10]",1944,3.288696,True,True
anomaly,7,13,3000,3.477121,3,14,"[14, 14, 14, 14, 14, 14, 14]",3036,3.482302,True,True
anomaly,7,14,4000,3.60206,3,17,"[17, 17, 17, 17, 17, 17, 17]",3981,3.599992,True,True
anomaly,7,15,5000,3.69897,3,20,"[20, 20, 20, 20, 20, 20, 20]",5034,3.701913,True,True
anomaly,7,16,5999,3.778079,3,23,"[23, 23, 23, 23, 23, 23, 23]",6195,3.792041,True,True
anomaly,7,17,6999,3.845036,3,25,"[25, 25, 25, 25, 25, 25, 25]",7029,3.846894,True,True
anomaly,7,18,7999,3.903036,3,27,"[27, 27, 27, 27, 27, 27, 27]",7911,3.898231,True,True
anomaly,7,19,8999,3.954194,3,29,"[29, 29, 29, 29, 29, 29, 29]",8841,3.946501,True,True
anomaly,7,20,9999,3.999957,3,31,"[31, 31, 31, 31, 31, 31, 31]",9819,3.992067,True,True
anomaly,7,21,10000,4.0,4,31,"[31, 31, 31, 31, 31, 31, 31]",9819,3.992067,True,False
anomaly,7,22,20000,4.30103,4,48,"[48, 48, 48, 48, 48, 48, 48]",20070,4.302547,True,True
anomaly,7,23,30000,4.477121,4,61,"[61, 61, 61, 61, 61, 61, 61]",30249,4.480711,True,True
anomaly,7,24,40000,4.60206,4,72,"[72, 72, 72, 72, 72, 72, 72]",40446,4.606876,True,True
anomaly,7,25,50000,4.69897,4,81,"[81, 81, 81, 81, 81, 81, 81]",49869,4.697831,True,True
anomaly,7,26,59999,4.778144,4,90,"[90, 90, 90, 90, 90, 90, 90]",60264,4.780058,True,True
anomaly,7,27,69999,4.845092,4,98,"[98, 98, 98, 98, 98, 98, 98]",70320,4.847079,True,True
anomaly,7,28,79999,4.903085,4,105,"[105, 105, 105, 105, 105, 105, 105]",79749,4.901725,True,True
anomaly,7,29,89999,4.954238,4,112,"[112, 112, 112, 112, 112, 112, 112]",89766,4.953112,True,True
anomaly,7,30,99999,4.999996,4,119,"[119, 119, 119, 119, 119, 119, 119]",100371,5.001608,True,True
anomaly,7,31,100000,5.0,5,119,"[119, 119, 119, 119, 119, 119, 119]",100371,5.001608,True,False
anomaly,7,32,200000,5.30103,5,172,"[172, 172, 172, 172, 172, 172, 172]",199746,5.300478,True,True
anomaly,7,33,300000,5.477121,5,213,"[213, 213, 213, 213, 213, 213, 213]",299745,5.476752,True,True
anomaly,7,34,400000,5.60206,5,248,"[248, 248, 248, 248, 248, 248, 248]",401070,5.60322,True,True
anomaly,7,35,500000,5.69897,5,278,"[278, 278, 278, 278, 278, 278, 278]",499620,5.69864,True,True
anomaly,7,36,599999,5.778151,5,306,"[306, 306, 306, 306, 306, 306, 306]",601344,5.779123,True,True
anomaly,7,37,699999,5.845097,5,331,"[331, 331, 331, 331, 331, 331, 331]",700119,5.845172,True,True
anomaly,7,38,799999,5.903089,5,355,"[355, 355, 355, 355, 355, 355, 355]",801999,5.904174,True,True
anomaly,7,39,899999,5.954242,5,377,"[377, 377, 377, 377, 377, 377, 377]",901461,5.954947,True,True
anomaly,7,40,999999,6.0,5,398,"[398, 398, 398, 398, 398, 398, 398]",1001820,6.00079,True,True
anomaly,7,41,1000000,6.0,6,398,"[398, 398, 398, 398, 398, 398, 398]",1001820,6.00079,True,False
anomaly,7,42,2000000,6.30103,6,567,"[567, 567, 567, 567, 567, 567, 567]",2002131,6.301492,True,True
anomaly,7,43,3000000,6.477121,6,696,"[696, 696, 696, 696, 696, 696, 696]",2996334,6.47659,True,True
anomaly,7,44,4000000,6.60206,6,806,"[806, 806, 806, 806, 806, 806, 806]",4001844,6.60226,True,True
anomaly,7,45,5000000,6.69897,6,902,"[902, 902, 902, 902, 902, 902, 902]",4998036,6.698799,True,True
anomaly,7,46,5999999,6.778151,6,989,"[989, 989, 989, 989, 989, 989, 989]",5996361,6.777888,True,True
anomaly,7,47,6999999,6.845098,6,1069,"[1069, 1069, 1069, 1069, 1069, 1069, 1069]",6994521,6.844758,True,True
anomaly,7,48,7999999,6.90309,6,1144,"[1144, 1144, 1144, 1144, 1144, 1144, 1144]",8000046,6.903092,True,True
anomaly,7,49,8999999,6.954242,6,1214,"[1214, 1214, 1214, 1214, 1214, 1214, 1214]",8999436,6.954215,True,True
anomaly,7,50,9999999,7.0,6,1280,"[1280, 1280, 1280, 1280, 1280, 1280, 1280]",9995574,6.999808,True,True
anomaly,7,51,10000000,7.0,7,1280,"[1280, 1280, 1280, 1280, 1280, 1280, 1280]",9995574,6.999808,True,False
anomaly,7,52,20000000,7.30103,7,1815,"[1815, 1815, 1815, 1815, 1815, 1815, 1815]",19999539,7.30102,True,True
anomaly,7,53,30000000,7.477121,7,2225,"[2225, 2225, 2225, 2225, 2225, 2225, 2225]",29990829,7.476988,True,True
anomaly,7,54,40000000,7.60206,7,2571,"[2571, 2571, 2571, 2571, 2571, 2571, 2571]",39991959,7.601973,True,True
anomaly,7,55,50000000,7.69897,7,2876,"[2876, 2876, 2876, 2876, 2876, 2876, 2876]",49999314,7.698964,True,True
anomaly,7,56,59999999,7.778151,7,3152,"[3152, 3152, 3152, 3152, 3152, 3152, 3152]",60017286,7.778276,True,True
anomaly,7,57,69999999,7.845098,7,3405,"[3405, 3405, 3405, 3405, 3405, 3405, 3405]",70003449,7.845119,True,True
anomaly,7,58,79999999,7.90309,7,3641,"[3641, 3641, 3641, 3641, 3641, 3641, 3641]",80011029,7.90315,True,True
anomaly,7,59,89999999,7.954243,7,3862,"[3862, 3862, 3862, 3862, 3862, 3862, 3862]",89988516,7.954187,True,True
anomaly,7,60,99999999,8.0,7,4072,"[4072, 4072, 4072, 4072, 4072, 4072, 4072]",100012446,8.000054,True,True
anomaly,7,61,100000000,8.0,8,4072,"[4072, 4072, 4072, 4072, 4072, 4072, 4072]",100012446,8.000054,True,False
anomaly,7,62,111089855,8.045674,8,4292,"[4292, 4292, 4292, 4292, 4292, 4292, 4292]",111081306,8.045641,True,True
anomaly,7,63,122179710,8.086999,8,4502,"[4502, 4502, 4502, 4502, 4502, 4502, 4502]",122188836,8.087032,True,True
anomaly,7,64,133269565,8.124731,8,4702,"[4702, 4702, 4702, 4702, 4702, 4702, 4702]",133259436,8.124698,True,True
anomaly,7,65,144359420,8.159445,8,4894,"[4894, 4894, 4894, 4894, 4894, 4894, 4894]",144338796,8.159383,True,True
anomaly,7,66,155449274,8.191589,8,5079,"[5079, 5079, 5079, 5079, 5079, 5079, 5079]",155432691,8.191542,True,True
anomaly,7,67,166539129,8.221516,8,5258,"[5258, 5258, 5258, 5258, 5258, 5258, 5258]",166557720,8.221565,True,True
anomaly,7,68,177628984,8.249514,8,5430,"[5430, 5430, 5430, 5430, 5430, 5430, 5430]",177609924,8.249467,True,True
anomaly,7,69,188718839,8.275815,8,5598,"[5598, 5598, 5598, 5598, 5598, 5598, 5598]",188747820,8.275882,True,True
anomaly,7,70,199808694,8.300614,8,5760,"[5760, 5760, 5760, 5760, 5760, 5760, 5760]",199808694,8.300614,True,True
anomaly,8,1,193,2.285557,2,1,"[1, 1, 1, 1, 1, 1, 1, 1]",193,2.285557,True,True
anomaly,8,2,283,2.451786,2,2,"[2, 2, 2, 2, 2, 2, 2, 2]",346,2.539076,True,True
anomaly,8,3,372,2.570543,2,2,"[2, 2, 2, 2, 2, 2, 2, 2]",346,2.539076,True,False
anomaly,8,4,462,2.664642,2,3,"[3, 3, 3, 3, 3, 3, 3, 3]",513,2.710117,True,True
anomaly,8,5,551,2.741152,2,3,"[3, 3, 3, 3, 3, 3, 3, 3]",513,2.710117,True,False
anomaly,8,6,641,2.806858,2,4,"[4, 4, 4, 4, 4, 4, 4, 4]",694,2.841359,True,True
anomaly,8,7,730,2.863323,2,4,"[4, 4, 4, 4, 4, 4, 4, 4]",694,2.841359,True,False
anomaly,8,8,820,2.913814,2,5,"[5, 5, 5, 5, 5, 5, 5, 5]",889,2.948902,True,True
anomaly,8,9,909,2.958564,2,5,"[5, 5, 5, 5, 5, 5, 5, 5]",889,2.948902,True,False
anomaly,8,10,999,2.999565,2,6,"[6, 6, 6, 6, 6, 6, 6, 6]",1098,3.040602,True,True
anomaly,8,11,1000,3.0,3,6,"[6, 6, 6, 6, 6, 6, 6, 6]",1098,3.040602,True,False
anomaly,8,12,2000,3.30103,3,10,"[10, 10, 10, 10, 10, 10, 10, 10]",2074,3.316809,True,True
anomaly,8,13,3000,3.477121,3,13,"[13, 13, 13, 13, 13, 13, 13, 13]",2953,3.470263,True,True
anomaly,8,14,4000,3.60206,3,16,"[16, 16, 16, 16, 16, 16, 16, 16]",3958,3.597476,True,True
anomaly,8,15,5000,3.69897,3,19,"[19, 19, 19, 19, 19, 19, 19, 19]",5089,3.706632,True,True
anomaly,8,16,5999,3.778079,3,21,"[21, 21, 21, 21, 21, 21, 21, 21]",5913,3.771808,True,True
anomaly,8,17,6999,3.845036,3,23,"[23, 23, 23, 23, 23, 23, 23, 23]",6793,3.832062,True,True
anomaly,8,18,7999,3.903036,3,26,"[26, 26, 26, 26, 26, 26, 26, 26]",8218,3.914766,True,True
anomaly,8,19,8999,3.954194,3,28,"[28, 28, 28, 28, 28, 28, 28, 28]",9238,3.965578,True,True
anomaly,8,20,9999,3.999957,3,29,"[29, 29, 29, 29, 29, 29, 29, 29]",9769,3.98985,True,True
anomaly,8,21,10000,4.0,4,29,"[29, 29, 29, 29, 29, 29, 29, 29]",9769,3.98985,True,False
anomaly,8,22,20000,4.30103,4,45,"[45, 45, 45, 45, 45, 45, 45, 45]",20169,4.304684,True,True
anomaly,8,23,30000,4.477121,4,57,"[57, 57, 57, 57, 57, 57, 57, 57]",30321,4.481744,True,True
anomaly,8,24,40000,4.60206,4,67,"[67, 67, 67, 67, 67, 67, 67, 67]",40321,4.605531,True,True
anomaly,8,25,50000,4.69897,4,76,"[76, 76, 76, 76, 76, 76, 76, 76]",50518,4.703446,True,True
anomaly,8,26,59999,4.778144,4,84,"[84, 84, 84, 84, 84, 84, 84, 84]",60534,4.781999,True,True
anomaly,8,27,69999,4.845092,4,91,"[91, 91, 91, 91, 91, 91, 91, 91]",70033,4.845303,True,True
anomaly,8,28,79999,4.903085,4,98,"[98, 98, 98, 98, 98, 98, 98, 98]",80218,4.904272,True,True
anomaly,8,29,89999,4.954238,4,104,"[104, 104, 104, 104, 104, 104, 104, 104]",89494,4.951794,True,True
anomaly,8,30,99999,4.999996,4,110,"[110, 110, 110, 110, 110, 110, 110, 110]",99274,4.996836,True,True
anomaly,8,31,100000,5.0,5,110,"[110, 110, 110, 110, 110, 110, 110, 110]",99274,4.996836,True,False
anomaly,8,32,200000,5.30103,5,160,"[160, 160, 160, 160, 160, 160, 160, 160]",200374,5.301841,True,True
anomaly,8,33,300000,5.477121,5,198,"[198, 198, 198, 198, 198, 198, 198, 198]",300618,5.478015,True,True
anomaly,8,34,400000,5.60206,5,230,"[230, 230, 230, 230, 230, 230, 230, 230]",400714,5.602835,True,True
anomaly,8,35,500000,5.69897,5,258,"[258, 258, 258, 258, 258, 258, 258, 258]",500058,5.69902,True,True
anomaly,8,36,599999,5.778151,5,283,"[283, 283, 283, 283, 283, 283, 283, 283]",598033,5.776725,True,True
anomaly,8,37,699999,5.845097,5,307,"[307, 307, 307, 307, 307, 307, 307, 307]",700321,5.845297,True,True
anomaly,8,38,799999,5.903089,5,329,"[329, 329, 329, 329, 329, 329, 329, 329]",801169,5.903724,True,True
anomaly,8,39,899999,5.954242,5,349,"[349, 349, 349, 349, 349, 349, 349, 349]",898729,5.953629,True,True
anomaly,8,40,999999,6.0,5,369,"[369, 369, 369, 369, 369, 369, 369, 369]",1001889,6.00082,True,True
anomaly,8,41,1000000,6.0,6,369,"[369, 369, 369, 369, 369, 369, 369, 369]",1001889,6.00082,True,False
anomaly,8,42,2000000,6.30103,6,525,"[525, 525, 525, 525, 525, 525, 525, 525]",1998729,6.300754,True,True
anomaly,8,43,3000000,6.477121,6,645,"[645, 645, 645, 645, 645, 645, 645, 645]",2997369,6.47674,True,True
anomaly,8,44,4000000,6.60206,6,747,"[747, 747, 747, 747, 747, 747, 747, 747]",4004721,6.602572,True,True
anomaly,8,45,5000000,6.69897,6,836,"[836, 836, 836, 836, 836, 836, 836, 836]",5002678,6.699203,True,True
anomaly,8,46,5999999,6.778151,6,916,"[916, 916, 916, 916, 916, 916, 916, 916]",5994358,6.777743,True,True
anomaly,8,47,6999999,6.845098,6,991,"[991, 991, 991, 991, 991, 991, 991, 991]",7005433,6.845435,True,True
anomaly,8,48,7999999,6.90309,6,1060,"[1060, 1060, 1060, 1060, 1060, 1060, 1060, 1060]",8005174,6.903371,True,True
anomaly,8,49,8999999,6.954242,6,1125,"[1125, 1125, 1125, 1125, 1125, 1125, 1125, 1125]",9007929,6.954625,True,True
anomaly,8,50,9999999,7.0,6,1186,"[1186, 1186, 1186, 1186, 1186, 1186, 1186, 1186]",10002778,7.000121,True,True
anomaly,8,51,10000000,7.0,7,1186,"[1186, 1186, 1186, 1186, 1186, 1186, 1186, 1186]",10002778,7.000121,True,False
anomaly,8,52,20000000,7.30103,7,1681,"[1681, 1681, 1681, 1681, 1681, 1681, 1681, 1681]",20002273,7.301079,True,True
anomaly,8,53,30000000,7.477121,7,2061,"[2061, 2061, 2061, 2061, 2061, 2061, 2061, 2061]",30006153,7.47721,True,True
anomaly,8,54,40000000,7.60206,7,2381,"[2381, 2381, 2381, 2381, 2381, 2381, 2381, 2381]",39998473,7.602043,True,True
anomaly,8,55,50000000,7.69897,7,2663,"[2663, 2663, 2663, 2663, 2663, 2663, 2663, 2663]",49992553,7.698905,True,True
anomaly,8,56,59999999,7.778151,7,2918,"[2918, 2918, 2918, 2918, 2918, 2918, 2918, 2918]",59988298,7.778067,True,True
anomaly,8,57,69999999,7.845098,7,3153,"[3153, 3153, 3153, 3153, 3153, 3153, 3153, 3153]",70006113,7.845136,True,True
anomaly,8,58,79999999,7.90309,7,3371,"[3371, 3371, 3371, 3371, 3371, 3371, 3371, 3371]",79990513,7.903038,True,True
anomaly,8,59,89999999,7.954243,7,3576,"[3576, 3576, 3576, 3576, 3576, 3576, 3576, 3576]",89986518,7.954177,True,True
anomaly,8,60,99999999,8.0,7,3770,"[3770, 3770, 3770, 3770, 3770, 3770, 3770, 3770]",99987994,7.999948,True,True
anomaly,8,61,100000000,8.0,8,3770,"[3770, 3770, 3770, 3770, 3770, 3770, 3770, 3770]",99987994,7.999948,True,False
anomaly,8,62,110387035,8.042918,8,3962,"[3962, 3962, 3962, 3962, 3962, 3962, 3962, 3962]",110405146,8.042989,True,True
anomaly,8,63,120774071,8.081974,8,4144,"[4144, 4144, 4144, 4144, 4144, 4144, 4144, 4144]",120756214,8.081909,True,True
anomaly,8,64,131161106,8.117805,8,4319,"[4319, 4319, 4319, 4319, 4319, 4319, 4319, 4319]",131146489,8.117757,True,True
anomaly,8,65,141548141,8.150904,8,4487,"[4487, 4487, 4487, 4487, 4487, 4487, 4487, 4487]",141524521,8.150832,True,True
anomaly,8,66,151935177,8.181658,8,4649,"[4649, 4649, 4649, 4649, 4649, 4649, 4649, 4649]",151906129,8.181575,True,True
anomaly,8,67,162322212,8.210378,8,4806,"[4806, 4806, 4806, 4806, 4806, 4806, 4806, 4806]",162317898,8.210366,True,True
anomaly,8,68,172709247,8.237316,8,4958,"[4958, 4958, 4958, 4958, 4958, 4958, 4958, 4958]",172726858,8.23736,True,True
anomaly,8,69,183096283,8.26268,8,5105,"[5105, 5105, 5105, 5105, 5105, 5105, 5105, 5105]",183101089,8.262691,True,True
anomaly,8,70,193483318,8.286644,8,5248,"[5248, 5248, 5248, 5248, 5248, 5248, 5248, 5248]",193483318,8.286644,True,True
anomaly,9,1,197,2.294466,2,1,"[1, 1, 1, 1, 1, 1, 1, 1, 1]",197,2.294466,True,True
anomaly,9,2,286,2.456366,2,2,"[2, 2, 2, 2, 2, 2, 2, 2, 2]",356,2.55145,True,True
anomaly,9,3,375,2.574031,2,2,"[2, 2, 2, 2, 2, 2, 2, 2, 2]",356,2.55145,True,False
anomaly,9,4,464,2.666518,2,3,"[3, 3, 3, 3, 3, 3, 3, 3, 3]",531,2.725095,True,True
anomaly,9,5,553,2.742725,2,3,"[3, 3, 3, 3, 3, 3, 3, 3, 3]",531,2.725095,True,False
anomaly,9,6,643,2.808211,2,4,"[4, 4, 4, 4, 4, 4, 4, 4, 4]",722,2.858537,True,True
anomaly,9,7,732,2.864511,2,4,"[4, 4, 4, 4, 4, 4, 4, 4, 4]",722,2.858537,True,False
anomaly,9,8,821,2.914343,2,4,"[4, 4, 4, 4, 4, 4, 4, 4, 4]",722,2.858537,True,False
anomaly,9,9,910,2.959041,2,5,"[5, 5, 5, 5, 5, 5, 5, 5, 5]",929,2.968016,True,True
anomaly,9,10,999,2.999565,2,5,"[5, 5, 5, 5, 5, 5, 5, 5, 5]",929,2.968016,True,False
anomaly,9,11,1000,3.0,3,5,"[5, 5, 5, 5, 5, 5, 5, 5, 5]",929,2.968016,True,False
anomaly,9,12,2000,3.30103,3,9,"[9, 9, 9, 9, 9, 9, 9, 9, 9]",1917,3.282622,True,True
anomaly,9,13,3000,3.477121,3,13,"[13, 13, 13, 13, 13, 13, 13, 13, 13]",3161,3.499824,True,True
anomaly,9,14,4000,3.60206,3,15,"[15, 15, 15, 15, 15, 15, 15, 15, 15]",3879,3.58872,True,True
anomaly,9,15,5000,3.69897,3,18,"[18, 18, 18, 18, 18, 18, 18, 18, 18]",5076,3.705522,True,True
anomaly,9,16,5999,3.778079,3,20,"[20, 20, 20, 20, 20, 20, 20, 20, 20]",5954,3.774809,True,True
anomaly,9,17,6999,3.845036,3,22,"[22, 22, 22, 22, 22, 22, 22, 22, 22]",6896,3.838597,True,True
anomaly,9,18,7999,3.903036,3,24,"[24, 24, 24, 24, 24, 24, 24, 24, 24]",7902,3.897737,True,True
anomaly,9,19,8999,3.954194,3,26,"[26, 26, 26, 26, 26, 26, 26, 26, 26]",8972,3.952889,True,True
anomaly,9,20,9999,3.999957,3,28,"[28, 28, 28, 28, 28, 28, 28, 28, 28]",10106,4.004579,True,True
anomaly,9,21,10000,4.0,4,28,"[28, 28, 28, 28, 28, 28, 28, 28, 28]",10106,4.004579,True,False
anomaly,9,22,20000,4.30103,4,42,"[42, 42, 42, 42, 42, 42, 42, 42, 42]",19836,4.297454,True,True
anomaly,9,23,30000,4.477121,4,53,"[53, 53, 53, 53, 53, 53, 53, 53, 53]",29681,4.472479,True,True
anomaly,9,24,40000,4.60206,4,63,"[63, 63, 63, 63, 63, 63, 63, 63, 63]",40311,4.605424,True,True
anomaly,9,25,50000,4.69897,4,71,"[71, 71, 71, 71, 71, 71, 71, 71, 71]",49967,4.698683,True,True
anomaly,9,26,59999,4.778144,4,79,"[79, 79, 79, 79, 79, 79, 79, 79, 79]",60647,4.782809,True,True
anomaly,9,27,69999,4.845092,4,85,"[85, 85, 85, 85, 85, 85, 85, 85, 85]",69329,4.840915,True,True
anomaly,9,28,79999,4.903085,4,92,"[92, 92, 92, 92, 92, 92, 92, 92, 92]",80186,4.904099,True,True
anomaly,9,29,89999,4.954238,4,98,"[98, 98, 98, 98, 98, 98, 98, 98, 98]",90116,4.954802,True,True
anomaly,9,30,99999,4.999996,4,104,"[104, 104, 104, 104, 104, 104, 104, 104, 104]",100622,5.002693,True,True
anomaly,9,31,100000,5.0,5,104,"[104, 104, 104, 104, 104, 104, 104, 104, 104]",100622,5.002693,True,False
anomaly,9,32,200000,5.30103,5,150,"[150, 150, 150, 150, 150, 150, 150, 150, 150]",200304,5.30169,True,True
anomaly,9,33,300000,5.477121,5,185,"[185, 185, 185, 185, 185, 185, 185, 185, 185]",298829,5.475423,True,True
anomaly,9,34,400000,5.60206,5,215,"[215, 215, 215, 215, 215, 215, 215, 215, 215]",398879,5.600841,True,True
anomaly,9,35,500000,5.69897,5,242,"[242, 242, 242, 242, 242, 242, 242, 242, 242]",501236,5.700042,True,True
anomaly,9,36,599999,5.778151,5,266,"[266, 266, 266, 266, 266, 266, 266, 266, 266]",602012,5.779605,True,True
anomaly,9,37,699999,5.845097,5,287,"[287, 287, 287, 287, 287, 287, 287, 287, 287]",697751,5.8437,True,True
anomaly,9,38,799999,5.903089,5,308,"[308, 308, 308, 308, 308, 308, 308, 308, 308]",800546,5.903386,True,True
anomaly,9,39,899999,5.954242,5,327,"[327, 327, 327, 327, 327, 327, 327, 327, 327]",899631,5.954064,True,True
anomaly,9,40,999999,6.0,5,345,"[345, 345, 345, 345, 345, 345, 345, 345, 345]",998829,5.999491,True,True
anomaly,9,41,1000000,6.0,6,345,"[345, 345, 345, 345, 345, 345, 345, 345, 345]",998829,5.999491,True,False
anomaly,9,42,2000000,6.30103,6,492,"[492, 492, 492, 492, 492, 492, 492, 492, 492]",2002986,6.301678,True,True
anomaly,9,43,3000000,6.477121,6,604,"[604, 604, 604, 604, 604, 604, 604, 604, 604]",3000122,6.477139,True,True
anomaly,9,44,4000000,6.60206,6,699,"[699, 699, 699, 699, 699, 699, 699, 699, 699]",4003227,6.60241,True,True
anomaly,9,45,5000000,6.69897,6,782,"[782, 782, 782, 782, 782, 782, 782, 782, 782]",4997816,6.69878,True,True
anomaly,9,46,5999999,6.778151,6,858,"[858, 858, 858, 858, 858, 858, 858, 858, 858]",6005196,6.778527,True,True
anomaly,9,47,6999999,6.845098,6,927,"[927, 927, 927, 927, 927, 927, 927, 927, 927]",6999831,6.845088,True,True
anomaly,9,48,7999999,6.90309,6,992,"[992, 992, 992, 992, 992, 992, 992, 992, 992]",8006486,6.903442,True,True
anomaly,9,49,8999999,6.954242,6,1052,"[1052, 1052, 1052, 1052, 1052, 1052, 1052, 1052, 1052]",8995706,6.954035,True,True
anomaly,9,50,9999999,7.0,6,1110,"[1110, 1110, 1110, 1110, 1110, 1110, 1110, 1110, 1110]",10006704,7.000291,True,True
anomaly,9,51,10000000,7.0,7,1110,"[1110, 1110, 1110, 1110, 1110, 1110, 1110, 1110, 1110]",10006704,7.000291,True,False
anomaly,9,52,20000000,7.30103,7,1573,"[1573, 1573, 1573, 1573, 1573, 1573, 1573, 1573, 1573]",20007041,7.301183,True,True
anomaly,9,53,30000000,7.477121,7,1928,"[1928, 1928, 1928, 1928, 1928, 1928, 1928, 1928, 1928]",29997806,7.477089,True,True
anomaly,9,54,40000000,7.60206,7,2228,"[2228, 2228, 2228, 2228, 2228, 2228, 2228, 2228, 2228]",40012706,7.602198,True,True
anomaly,9,55,50000000,7.69897,7,2492,"[2492, 2492, 2492, 2492, 2492, 2492, 2492, 2492, 2492]",50016986,7.699118,True,True
anomaly,9,56,59999999,7.778151,7,2730,"[2730, 2730, 2730, 2730, 2730, 2730, 2730, 2730, 2730]",59991804,7.778092,True,True
anomaly,9,57,69999999,7.845098,7,2950,"[2950, 2950, 2950, 2950, 2950, 2950, 2950, 2950, 2950]",70018304,7.845212,True,True
anomaly,9,58,79999999,7.90309,7,3154,"[3154, 3154, 3154, 3154, 3154, 3154, 3154, 3154, 3154]",80007572,7.903131,True,True
anomaly,9,59,89999999,7.954243,7,3346,"[3346, 3346, 3346, 3346, 3346, 3346, 3346, 3346, 3346]",90017492,7.954327,True,True
anomaly,9,60,99999999,8.0,7,3527,"[3527, 3527, 3527, 3527, 3527, 3527, 3527, 3527, 3527]",99994031,7.999974,True,True
anomaly,9,61,100000000,8.0,8,3527,"[3527, 3527, 3527, 3527, 3527, 3527, 3527, 3527, 3527]",99994031,7.999974,True,False
anomaly,9,62,109991629,8.04136,8,3700,"[3700, 3700, 3700, 3700, 3700, 3700, 3700, 3700, 3700]",110019554,8.04147,True,True
anomaly,9,63,119983258,8.079121,8,3864,"[3864, 3864, 3864, 3864, 3864, 3864, 3864, 3864, 3864]",119965662,8.079057,True,True
anomaly,9,64,129974887,8.113859,8,4022,"[4022, 4022, 4022, 4022, 4022, 4022, 4022, 4022, 4022]",129954896,8.113793,True,True
anomaly,9,65,139966516,8.146024,8,4174,"[4174, 4174, 4174, 4174, 4174, 4174, 4174, 4174, 4174]",139941752,8.145947,True,True
anomaly,9,66,149958146,8.17597,8,4321,"[4321, 4321, 4321, 4321, 4321, 4321, 4321, 4321, 4321]",149951717,8.175951,True,True
anomaly,9,67,159949775,8.203984,8,4463,"[4463, 4463, 4463, 4463, 4463, 4463, 4463, 4463, 4463]",159949511,8.203983,True,True
anomaly,9,68,169941404,8.230299,8,4601,"[4601, 4601, 4601, 4601, 4601, 4601, 4601, 4601, 4601]",169974797,8.230385,True,True
anomaly,9,69,179933033,8.255111,8,4734,"[4734, 4734, 4734, 4734, 4734, 4734, 4734, 4734, 4734]",179925192,8.255092,True,True
anomaly,9,70,189924662,8.278581,8,4864,"[4864, 4864, 4864, 4864, 4864, 4864, 4864, 4864, 4864]",189924662,8.278581,True,True
anomaly,10,1,201,2.303196,2,1,"[1, 1, 1, 1, 1, 1, 1, 1, 1, 1]",201,2.303196,True,True
anomaly,10,2,290,2.462398,2,2,"[2, 2, 2, 2, 2, 2, 2, 2, 2, 2]",366,2.563481,True,True
anomaly,10,3,378,2.577492,2,2,"[2, 2, 2, 2, 2, 2, 2, 2, 2, 2]",366,2.563481,True,False
anomaly,10,4,467,2.669317,2,3,"[3, 3, 3, 3, 3, 3, 3, 3, 3, 3]",549,2.739572,True,True
anomaly,10,5,556,2.745075,2,3,"[3, 3, 3, 3, 3, 3, 3, 3, 3, 3]",549,2.739572,True,False
anomaly,10,6,644,2.808886,2,3,"[3, 3, 3, 3, 3, 3, 3, 3, 3, 3]",549,2.739572,True,False
anomaly,10,7,733,2.865104,2,4,"[4, 4, 4, 4, 4, 4, 4, 4, 4, 4]",750,2.875061,True,True
anomaly,10,8,822,2.914872,2,4,"[4, 4, 4, 4, 4, 4, 4, 4, 4, 4]",750,2.875061,True,False
anomaly,10,9,910,2.959041,2,5,"[5, 5, 5, 5, 5, 5, 5, 5, 5, 5]",969,2.986324,True,True
anomaly,10,10,999,2.999565,2,5,"[5, 5, 5, 5, 5, 5, 5, 5, 5, 5]",969,2.986324,True,False
anomaly,10,11,1000,3.0,3,5,"[5, 5, 5, 5, 5, 5, 5, 5, 5, 5]",969,2.986324,True,False
anomaly,10,12,2000,3.30103,3,9,"[9, 9, 9, 9, 9, 9, 9, 9, 9, 9]",2025,3.306425,True,True
anomaly,10,13,3000,3.477121,3,12,"[12, 12, 12, 12, 12, 12, 12, 12, 12, 12]",3006,3.477989,True,True
anomaly,10,14,4000,3.60206,3,15,"[15, 15, 15, 15, 15, 15, 15, 15, 15, 15]",4149,3.617943,True,True
anomaly,10,15,5000,3.69897,3,17,"[17, 17, 17, 17, 17, 17, 17, 17, 17, 17]",5001,3.699057,True,True
anomaly,10,16,5999,3.778079,3,19,"[19, 19, 19, 19, 19, 19, 19, 19, 19, 19]",5925,3.772688,True,True
anomaly,10,17,6999,3.845036,3,21,"[21, 21, 21, 21, 21, 21, 21, 21, 21, 21]",6921,3.840169,True,True
anomaly,10,18,7999,3.903036,3,23,"[23, 23, 23, 23, 23, 23, 23, 23, 23, 23]",7989,3.902492,True,True
anomaly,10,19,8999,3.954194,3,25,"[25, 25, 25, 25, 25, 25, 25, 25, 25, 25]",9129,3.960423,True,True
anomaly,10,20,9999,3.999957,3,26,"[26, 26, 26, 26, 26, 26, 26, 26, 26, 26]",9726,3.987934,True,True
anomaly,10,21,10000,4.0,4,26,"[26, 26, 26, 26, 26, 26, 26, 26, 26, 26]",9726,3.987934,True,False
anomaly,10,22,20000,4.30103,4,40,"[40, 40, 40, 40, 40, 40, 40, 40, 40, 40]",19974,4.300465,True,True
anomaly,10,23,30000,4.477121,4,51,"[51, 51, 51, 51, 51, 51, 51, 51, 51, 51]",30501,4.484314,True,True
anomaly,10,24,40000,4.60206,4,59,"[59, 59, 59, 59, 59, 59, 59, 59, 59, 59]",39525,4.596872,True,True
anomaly,10,25,50000,4.69897,4,67,"[67, 67, 67, 67, 67, 67, 67, 67, 67, 67]",49701,4.696365,True,True
anomaly,10,26,59999,4.778144,4,74,"[74, 74, 74, 74, 74, 74, 74, 74, 74, 74]",59550,4.774882,True,True
anomaly,10,27,69999,4.845092,4,81,"[81, 81, 81, 81, 81, 81, 81, 81, 81, 81]",70281,4.846838,True,True
anomaly,10,28,79999,4.903085,4,87,"[87, 87, 87, 87, 87, 87, 87, 87, 87, 87]",80181,4.904071,True,True
anomaly,10,29,89999,4.954238,4,93,"[93, 93, 93, 93, 93, 93, 93, 93, 93, 93]",90729,4.957746,True,True
anomaly,10,30,99999,4.999996,4,98,"[98, 98, 98, 98, 98, 98, 98, 98, 98, 98]",100014,5.000061,True,True
anomaly,10,31,100000,5.0,5,98,"[98, 98, 98, 98, 98, 98, 98, 98, 98, 98]",100014,5.000061,True,False
anomaly,10,32,200000,5.30103,5,142,"[142, 142, 142, 142, 142, 142, 142, 142, 142, 142]",201126,5.303468,True,True
anomaly,10,33,300000,5.477121,5,175,"[175, 175, 175, 175, 175, 175, 175, 175, 175, 175]",299829,5.476874,True,True
anomaly,10,34,400000,5.60206,5,203,"[203, 203, 203, 203, 203, 203, 203, 203, 203, 203]",398949,5.600917,True,True
anomaly,10,35,500000,5.69897,5,228,"[228, 228, 228, 228, 228, 228, 228, 228, 228, 228]",499374,5.698426,True,True
anomaly,10,36,599999,5.778151,5,251,"[251, 251, 251, 251, 251, 251, 251, 251, 251, 251]",601701,5.779381,True,True
anomaly,10,37,699999,5.845097,5,271,"[271, 271, 271, 271, 271, 271, 271, 271, 271, 271]",698421,5.844117,True,True
anomaly,10,38,799999,5.903089,5,291,"[291, 291, 291, 291, 291, 291, 291, 291, 291, 291]",802341,5.904359,True,True
anomaly,10,39,899999,5.954242,5,309,"[309, 309, 309, 309, 309, 309, 309, 309, 309, 309]",902025,5.955219,True,True
anomaly,10,40,999999,6.0,5,326,"[326, 326, 326, 326, 326, 326, 326, 326, 326, 326]",1001526,6.000662,True,True
anomaly,10,41,1000000,6.0,6,326,"[326, 326, 326, 326, 326, 326, 326, 326, 326, 326]",1001526,6.000662,True,False
anomaly,10,42,2000000,6.30103,6,464,"[464, 464, 464, 464, 464, 464, 464, 464, 464, 464]",2001750,6.30141,True,True
anomaly,10,43,3000000,6.477121,6,570,"[570, 570, 570, 570, 570, 570, 570, 570, 570, 570]",3002814,6.477528,True,True
anomaly,10,44,4000000,6.60206,6,659,"[659, 659, 659, 659, 659, 659, 659, 659, 659, 659]",3999525,6.602008,True,True
anomaly,10,45,5000000,6.69897,6,738,"[738, 738, 738, 738, 738, 738, 738, 738, 738, 738]",5003694,6.699291,True,True
anomaly,10,46,5999999,6.778151,6,809,"[809, 809, 809, 809, 809, 809, 809, 809, 809, 809]",6002025,6.778298,True,True
anomaly,10,47,6999999,6.845098,6,874,"[874, 874, 874, 874, 874, 874, 874, 874, 874, 874]",6995550,6.844822,True,True
anomaly,10,48,7999999,6.90309,6,935,"[935, 935, 935, 935, 935, 935, 935, 935, 935, 935]",7997109,6.902933,True,True
anomaly,10,49,8999999,6.954242,6,992,"[992, 992, 992, 992, 992, 992, 992, 992, 992, 992]",8993526,6.95393,True,True
anomaly,10,50,9999999,7.0,6,1046,"[1046, 1046, 1046, 1046, 1046, 1046, 1046, 1046, 1046, 1046]",9991446,6.999628,True,True
anomaly,10,51,10000000,7.0,7,1046,"[1046, 1046, 1046, 1046, 1046, 1046, 1046, 1046, 1046, 1046]",9991446,6.999628,True,False
anomaly,10,52,20000000,7.30103,7,1483,"[1483, 1483, 1483, 1483, 1483, 1483, 1483, 1483, 1483, 1483]",19998309,7.300993,True,True
anomaly,10,53,30000000,7.477121,7,1818,"[1818, 1818, 1818, 1818, 1818, 1818, 1818, 1818, 1818, 1818]",29997054,7.477079,True,True
anomaly,10,54,40000000,7.60206,7,2101,"[2101, 2101, 2101, 2101, 2101, 2101, 2101, 2101, 2101, 2101]",40017801,7.602253,True,True
anomaly,10,55,50000000,7.69897,7,2349,"[2349, 2349, 2349, 2349, 2349, 2349, 2349, 2349, 2349, 2349]",49984425,7.698835,True,True
anomaly,10,56,59999999,7.778151,7,2574,"[2574, 2574, 2574, 2574, 2574, 2574, 2574, 2574, 2574, 2574]",59984550,7.778039,True,True
anomaly,10,57,69999999,7.845098,7,2781,"[2781, 2781, 2781, 2781, 2781, 2781, 2781, 2781, 2781, 2781]",69989481,7.845033,True,True
anomaly,10,58,79999999,7.90309,7,2974,"[2974, 2974, 2974, 2974, 2974, 2974, 2974, 2974, 2974, 2974]",80012550,7.903158,True,True
anomaly,10,59,89999999,7.954243,7,3155,"[3155, 3155, 3155, 3155, 3155, 3155, 3155, 3155, 3155, 3155]",90021669,7.954347,True,True
anomaly,10,60,99999999,8.0,7,3326,"[3326, 3326, 3326, 3326, 3326, 3326, 3326, 3326, 3326, 3326]",100019526,8.000085,True,True
anomaly,10,61,100000000,8.0,8,3326,"[3326, 3326, 3326, 3326, 3326, 3326, 3326, 3326, 3326, 3326]",100019526,8.000085,True,False
anomaly,10,62,108457663,8.03526,8,3464,"[3464, 3464, 3464, 3464, 3464, 3464, 3464, 3464, 3464, 3464]",108471750,8.035317,True,True
anomaly,10,63,116915326,8.067871,8,3597,"[3597, 3597, 3597, 3597, 3597, 3597, 3597, 3597, 3597, 3597]",116942121,8.067971,True,True
anomaly,10,64,125372989,8.098204,8,3725,"[3725, 3725, 3725, 3725, 3725, 3725, 3725, 3725, 3725, 3725]",125394729,8.098279,True,True
anomaly,10,65,133830652,8.126556,8,3849,"[3849, 3849, 3849, 3849, 3849, 3849, 3849, 3849, 3849, 3849]",133864425,8.126665,True,True
anomaly,10,66,142288314,8.153169,8,3968,"[3968, 3968, 3968, 3968, 3968, 3968, 3968, 3968, 3968, 3968]",142252854,8.153061,True,True
anomaly,10,67,150745977,8.178246,8,4085,"[4085, 4085, 4085, 4085, 4085, 4085, 4085, 4085, 4085, 4085]",150748809,8.178254,True,True
anomaly,10,68,159203640,8.201953,8,4198,"[4198, 4198, 4198, 4198, 4198, 4198, 4198, 4198, 4198, 4198]",159188214,8.201911,True,True
anomaly,10,69,167661303,8.224433,8,4308,"[4308, 4308, 4308, 4308, 4308, 4308, 4308, 4308, 4308, 4308]",167624334,8.224337,True,True
anomaly,10,70,176118966,8.245806,8,4416,"[4416, 4416, 4416, 4416, 4416, 4416, 4416, 4416, 4416, 4416]",176118966,8.245806,True,True
