task,phase,depth,width,epochs,best_val,best_epoch,final_epoch,train_loss_n,train_loss_mean,train_loss_var,train_loss_std,train_loss_cv_pct,val_loss_n,val_loss_mean,val_loss_var,val_loss_std,val_loss_cv_pct,train_acc_n,train_acc_mean,train_acc_var,train_acc_std,train_acc_cv_pct,val_acc_n,val_acc_mean,val_acc_var,val_acc_std,val_acc_cv_pct
classification,stl_ablation_r01_d01_parammatched,1,1,200,0.7392177035506092,200,200,200,0.8455730975064494,0.039588954996000056,0.1989697338692497,23.53075499397994,200,0.8422519426941625,0.03665614560733537,0.19145794736008054,22.73167180210382,200,0.6739487209827673,0.01379591509676975,0.11745601345512179,17.42803418097519,200,0.6750169532366053,0.012758283865451445,0.11295257352292352,16.733294324139987
classification,stl_ablation_r02_d01_parammatched,1,1,200,0.7734979975387887,200,200,200,0.9415792217615914,0.09392722902057746,0.30647549497566273,32.549092831751395,200,0.9380688838604935,0.08788682125340908,0.29645711536984415,31.602915358391982,200,0.644543544674168,0.02030383075972125,0.14249151118477638,22.10735215055318,200,0.6462640918400716,0.018703502207375853,0.13676074805065908,21.161743283812633
classification,stl_ablation_r03_d01_parammatched,1,1,200,0.783558773669447,199,200,200,0.8987638204243064,0.03674894169679888,0.191700134837717,21.32931149222444,200,0.8978569402861879,0.03311116464130996,0.18196473460896198,20.266562126362974,200,0.6128765301951336,0.007829652225682658,0.08848532209176084,14.437707716363038,200,0.6140850415655497,0.007291337127899669,0.08538932677975433,13.905130560103304
classification,stl_ablation_r04_d01_parammatched,1,1,200,0.8304648739616853,199,200,200,0.9153153693867988,0.037583632433241816,0.19386498506239289,21.180129990854375,200,0.913824368564051,0.03359901783020962,0.18330034869091116,20.058597143665843,200,0.6438707859125233,0.002506817269784102,0.05006812628593267,7.776113993893016,200,0.6440349563690815,0.002148619765793322,0.04635320663981427,7.197312223725063
classification,stl_ablation_r05_d01_parammatched,1,1,122,1.0240620600270542,112,122,122,1.0833189325485968,0.026683420193217795,0.16335060512045185,15.078717837613725,122,1.0795408947307483,0.02270931600096767,0.1506961047969312,13.959277090148289,122,0.47920805645599596,0.004025356774285603,0.06344569941521334,13.239697989309441,122,0.48218379469781425,0.0035032560141654324,0.059188309776217064,12.275051635302368
classification,stl_ablation_r01_d1968_parammatched,1,1968,146,0.22050278582013175,136,146,146,0.28505930365052834,0.007631889613950565,0.08736068689033165,30.64649557884014,146,0.2922031174968274,0.005839986852067376,0.07641980667384193,26.15297445437818,146,0.8872449871253919,0.0015147623254123564,0.03891994765428592,4.386606655325681,146,0.8837145424370835,0.0011830817698340605,0.03439595571915484,3.8922020706255016
classification,stl_ablation_r02_d1968_parammatched,1,1968,188,0.20726814745884156,178,188,188,0.266071428387381,0.007224586410013405,0.08499756708290776,31.94539436198214,188,0.2752397832122508,0.005593903543600346,0.074792402980519,27.17354377613462,188,0.8952453919629481,0.0014140479888632722,0.03760382944413072,4.200393521342698,188,0.8911023247485028,0.0011250648366755939,0.033541986176665116,3.764100400717922
classification,stl_ablation_r03_d1968_parammatched,1,1968,137,0.2242047251257227,127,137,137,0.2921419925758503,0.007592911874549323,0.08713731620006047,29.827042470601544,137,0.29867743576085126,0.005901554801408272,0.07682157770710174,25.72058297989815,137,0.8841114735367108,0.0015016474000193322,0.03875109546863588,4.383055375768384,137,0.880819041897466,0.0012077263519148205,0.03475235750153967,3.9454593791110506
classification,stl_ablation_r04_d1968_parammatched,1,1968,182,0.20619641392215107,172,182,182,0.26858655793968944,0.007293823585439837,0.08540388507228366,31.79752766758377,182,0.27667511350115653,0.00569087098802932,0.07543786176734676,27.265864577672406,182,0.8944746417713867,0.0014317689349907011,0.03783872269237826,4.2302733834291555,182,0.8902999721402158,0.0011303211795994647,0.03362024954695406,3.7762833425832247
classification,stl_ablation_r05_d1968_parammatched,1,1968,168,0.21435411757930306,158,168,168,0.27583531964843083,0.007369455439782331,0.08584553243927334,31.122023295888567,168,0.28402093872828305,0.0056826561062603325,0.0753833941014885,26.541491778395336,168,0.8911444999031862,0.0014461731827587548,0.038028583759571626,4.267386912414659,168,0.8873824809178762,0.001149195749544161,0.03389978981563398,3.820200482273356
classification,stl_ablation_r01_d3935_parammatched,1,3935,185,0.19980644426573202,175,185,185,0.2586026303420405,0.006953047344373401,0.08338493475666574,32.24442637972272,185,0.2695595655902869,0.005251204204828479,0.07246519305727736,26.882812672068102,185,0.8981810295052265,0.0013724363486319116,0.03704640803953754,4.124603707110691,185,0.8929644882141398,0.0010518740797836126,0.0324326082790702,3.6320154616599503
classification,stl_ablation_r02_d3935_parammatched,1,3935,158,0.2110472567390631,148,158,158,0.27226204313615665,0.00721820082707864,0.08495999545126307,31.205229518084188,158,0.2810310343570837,0.005487582663572395,0.07407821990013255,26.359444632014295,158,0.8923595431262373,0.0014392124090447315,0.03793695308066703,4.2513080487446855,158,0.8883677899179931,0.0011313086102413116,0.03363493139938465,3.78614936078328
classification,stl_ablation_r03_d3935_parammatched,1,3935,154,0.20739036277971387,144,154,154,0.2735825848484078,0.007307460533376683,0.0854836857732321,31.246026065803356,154,0.28250470799930877,0.005527669610024601,0.07434829930821955,26.317543461400106,154,0.8917242822580487,0.001468210329100467,0.03831723279544684,4.296982100612859,154,0.8877734630045261,0.0011516219659577019,0.03393555607261655,3.8225467967658253
classification,stl_ablation_r04_d3935_parammatched,1,3935,193,0.19845948221545992,183,193,193,0.25762274031804344,0.006801835433687894,0.08247324071289969,32.01318354547578,193,0.26820814653002434,0.005317199975750006,0.0729191331253328,27.18751613951067,193,0.8987181457953793,0.0013510936952806497,0.03675722643618054,4.089961531114945,193,0.8941190760095895,0.0010804671525298255,0.03287046018129082,3.676295592304115
classification,stl_ablation_r05_d3935_parammatched,1,3935,200,0.19484287892472746,190,200,200,0.253195022875038,0.006920685671807501,0.08319065856096766,32.8563561859688,200,0.2652540183724205,0.005169307547205161,0.07189789668137143,27.10529971328304,200,0.900614487640111,0.0013710125723833335,0.03702718693586286,4.111324817001952,200,0.8953197879554569,0.0010498908126272532,0.03240201865049851,3.6190441768847115
classification,stl_ablation_r01_d5902_parammatched,1,5902,106,0.23549757215310343,96,106,106,0.3050954190176622,0.007459307232755927,0.0863672810313948,28.308285096340608,106,0.31051063119648403,0.005538550584217096,0.07442143900931436,23.967436709831098,106,0.8775759460246082,0.001491826423560879,0.03862416890446808,4.401233771211981,106,0.8753760936144703,0.0011888041806368988,0.034479039729042614,3.9387687167325978
classification,stl_ablation_r02_d5902_parammatched,1,5902,188,0.19904284469816774,178,188,188,0.26052031495653527,0.006931325677887369,0.08325458352479681,31.95704086980198,188,0.2715284367853607,0.005098509221601142,0.07140384598606116,26.297004774680328,188,0.8970162482313753,0.001353239660574403,0.03678640592086162,4.10097431271646,188,0.8921537769701844,0.0010296782336245694,0.032088599745463645,3.596756587685896
classification,stl_ablation_r03_d5902_parammatched,1,5902,116,0.23294571272806877,106,116,116,0.2999434706483838,0.007049223824323681,0.0839596559326185,27.991826510216754,116,0.30692135239063795,0.0053657943776387815,0.07325158276541731,23.866564575860934,116,0.8799481286013047,0.0014155830065638178,0.037624234298704574,4.275733202422858,116,0.877024788581596,0.0011406822111782225,0.0337739871969275,3.850972929915682
classification,stl_ablation_r04_d5902_parammatched,1,5902,87,0.25260017574581334,77,87,87,0.323005745087987,0.007799606511445163,0.08831538094491334,27.341736884852054,87,0.32762168285272786,0.005518000713269064,0.07428324651810167,22.67348298540222,87,0.8695298808288247,0.0015446365555846753,0.039301864530638685,4.5198980963341535,87,0.8675224099452659,0.0011825768576843767,0.03438861523359696,3.9640031011725245
classification,stl_ablation_r05_d5902_parammatched,1,5902,166,0.210694450294343,156,166,166,0.27082344342631787,0.006834398909133564,0.08267042342418214,30.525578723274023,166,0.28078543380477217,0.005245437281480993,0.07242539113792201,25.793856239807226,166,0.8925321085983313,0.0013643657010770566,0.03693732124934152,4.138486547822844,166,0.8880845839079974,0.0010767057413021933,0.03281319462201438,3.694827634280128
classification,stl_ablation_r01_d7869_parammatched,1,7869,87,0.252226527012231,77,87,87,0.32970352912049494,0.007824633988111188,0.0884569612190651,26.829243064224894,87,0.3343420651172106,0.0057685456151812834,0.07595094216124829,22.71653796677427,87,0.8662750346390454,0.0015650084364121565,0.039560187517403866,4.566700636119288,87,0.8643891424109462,0.0012725967598084388,0.035673474176318165,4.127015533399464
classification,stl_ablation_r02_d7869_parammatched,1,7869,129,0.22050594065609397,119,129,129,0.29456088499511596,0.007951157629149608,0.08916926392625212,30.27192966497592,129,0.3021739747650029,0.005915602694089077,0.07691295530721126,25.45320303213589,129,0.8819953606116294,0.0015417164024917685,0.039264696643317755,4.451803081604559,129,0.8786438317983826,0.0012561028456769812,0.03544154124296771,4.033664149263644
classification,stl_ablation_r03_d7869_parammatched,1,7869,137,0.22110616756241402,127,137,137,0.28920563966738655,0.007793543779395739,0.08828104994502353,30.525355607364702,137,0.29753443620057657,0.0056662524614741186,0.07527451402350013,25.29942919708138,137,0.8844904369527334,0.0015112798684659885,0.03887518319527239,4.395206728204553,137,0.8806767022993058,0.0011945145390222331,0.03456174965221282,3.9244537254111105
classification,stl_ablation_r04_d7869_parammatched,1,7869,137,0.22316198671274046,127,137,137,0.2905959263911888,0.007608115112673586,0.08722450981618404,30.01573728145309,137,0.29902069634520345,0.005641479708011439,0.07510978436935789,25.118590548209962,137,0.8836383188986882,0.0015114270953626781,0.038877076733760195,4.399659442362591,137,0.8802089791537189,0.0011848772577335125,0.034422046100333906,3.9106674568838353
classification,stl_ablation_r05_d7869_parammatched,1,7869,103,0.2375050592120569,93,103,103,0.31313734373546764,0.008408678163128973,0.09169884493890298,29.28390585581782,103,0.31883079364427175,0.006489357303338187,0.08055654724066931,25.266238031746852,103,0.8736244875502945,0.0016643118014872268,0.04079597776113752,4.66973835354963,103,0.871259171549777,0.0014005469854429908,0.03742388255436615,4.295378892574222
classification,stl_ablation_r01_d9837_parammatched,1,9837,87,0.25484174417496563,77,87,87,0.33228324847233265,0.007956117660163433,0.08919707203806318,26.843686056442934,87,0.3359038080168126,0.005713920974491505,0.07559048203637482,22.50360973359117,87,0.8648630870554697,0.0015733147968056123,0.0396650324190667,4.58627880097312,87,0.8633493359858684,0.001266338748324251,0.03558565368690381,4.121813986949808
classification,stl_ablation_r02_d9837_parammatched,1,9837,127,0.22515709190312763,117,127,127,0.2993172945252601,0.00858991490074013,0.0926817937932803,30.96439647441042,127,0.3054905834786521,0.005986619701774481,0.07737324926468114,25.327539848732535,127,0.8797914209971833,0.0016099773192264732,0.040124522666649544,4.560685829508447,127,0.8772329260463757,0.0012812559309203382,0.03579463550478393,4.0804026435838106
classification,stl_ablation_r03_d9837_parammatched,1,9837,127,0.22559606443055555,117,127,127,0.3010353302788037,0.008752916185589056,0.09355702103845043,31.078418919069286,127,0.30748057640183446,0.006024261253611718,0.07761611465160903,25.24260737373392,127,0.8789160823819808,0.0016265595766834892,0.04033062827037894,4.588677927143796,127,0.8760380206772702,0.001269839970140433,0.03563481401860311,4.067724593854229
classification,stl_ablation_r04_d9837_parammatched,1,9837,136,0.22141045528770004,126,136,136,0.29455471472709116,0.007932134712395853,0.08906253259590058,30.23632898845914,136,0.3026293966474974,0.005890738763401446,0.0767511482871849,25.36143188250301,136,0.8817241580051052,0.001524610089469427,0.03904625576760756,4.428398089482934,136,0.8781413350180264,0.0012382664227076796,0.03518900997055302,4.007214848829621
classification,stl_ablation_r05_d9837_parammatched,1,9837,156,0.21225472574248289,146,156,156,0.2831851002267645,0.00807519352363366,0.08986208056590755,31.73263017508662,156,0.2929588158196852,0.0059401513266265195,0.07707237719589632,26.30826349439302,156,0.8867437287582078,0.0015487611524238598,0.03935430284510018,4.4380694860071666,156,0.8827231227319005,0.0012586751672857127,0.0354778123238414,4.0191325467993515
classification,stl_ablation_r01_d11804_parammatched,1,11804,87,0.2568046491393653,77,87,87,0.3365573065388002,0.009114366459404149,0.09546919115297955,28.366399807152405,87,0.3399347384740713,0.005939091350137583,0.07706550038854988,22.670675181503434,87,0.862966378302641,0.0016952441639615163,0.04117334288057646,4.7711410219202115,87,0.8614271976247466,0.0012803985965911843,0.035782657763100606,4.153880660114493
classification,stl_ablation_r02_d11804_parammatched,1,11804,117,0.2299846281121166,107,117,117,0.3111839371090491,0.009732690923369699,0.09865440143941728,31.702922186772618,117,0.31531329257867824,0.006537097140100785,0.08085231685054414,25.64189926448139,117,0.8745381855319249,0.0017280155009872233,0.0415694058291338,4.7532979710714205,117,0.8727465008251913,0.0013698481570927764,0.037011459807643046,4.240803002091479
classification,stl_ablation_r03_d11804_parammatched,1,11804,144,0.21982234705720607,134,144,144,0.29214211765093334,0.008585225162454996,0.09265649012592155,31.716238271618323,144,0.30019259992171343,0.006178715398999617,0.07860480519026566,26.184791101034747,144,0.8826549498122291,0.0016164300547026886,0.040204851133945126,4.554990729106325,144,0.8793430118816085,0.001300436068563429,0.03606155943055471,4.100966169434904
classification,stl_ablation_r04_d11804_parammatched,1,11804,109,0.2414226569591177,99,109,109,0.3166996693177355,0.011602907464758732,0.10771679286331697,34.01228460243445,109,0.3212298441059315,0.00651968200229915,0.0807445478177886,25.136066682260566,109,0.8721992156605767,0.001908136879362058,0.0436822261264471,5.008285417152495,109,0.8696657465669163,0.0014017553890600352,0.03744002389235396,4.305105040660946
classification,stl_ablation_r05_d11804_parammatched,1,11804,127,0.2259959470050388,117,127,127,0.30379614361064444,0.008913973464869834,0.09441384148984636,31.07802500970861,127,0.3104535557983286,0.006204339547882066,0.07876763007658708,25.371791884952582,127,0.8775656364204018,0.001656682245692654,0.0407023616721764,4.63809884787669,127,0.874813977885645,0.0013219995530629998,0.03635931177928152,4.1562335191715905
classification,stl_ablation_r01_d13771_parammatched,1,13771,145,0.21857444177357988,135,145,145,0.29304227971978525,0.010702589998783813,0.1034533228020435,35.303207066559914,145,0.30121595029722215,0.0068256241582830566,0.08261733570070544,27.42794185340568,145,0.8825747264918776,0.0018436670494538863,0.042937944168926934,4.865077469371892,145,0.8791405453879659,0.0013978947278446565,0.03738843040092291,4.252838820489544
classification,stl_ablation_r02_d13771_parammatched,1,13771,152,0.2179896574514162,142,152,152,0.2891484524823951,0.010251088358493442,0.10124765853338753,35.01580508702602,152,0.29835264795756705,0.007107847746312879,0.08430805267774176,28.257852998754817,152,0.884071278700182,0.001841582963722348,0.04291366872830087,4.85409601716677,152,0.8802422324464023,0.0015140272095330327,0.03891050256078727,4.420431232053675
classification,stl_ablation_r03_d13771_parammatched,1,13771,90,0.25549852068179124,80,90,90,0.3375437623942753,0.011015591266117147,0.10495518694241436,31.09380134828834,90,0.34174078096994126,0.006835517337149713,0.08267718752563921,24.1929532937163,90,0.8628543084510039,0.0018641664914029747,0.04317599438812006,5.003856846427482,90,0.8604933171928577,0.0014850361261918245,0.03853616646984783,4.478380679999043
classification,stl_ablation_r04_d13771_parammatched,1,13771,111,0.2398366454351839,101,111,111,0.31832715456250543,0.011435054769954135,0.1069348155183995,33.59274067126505,111,0.3233561483887161,0.006714572701363522,0.08194249630907958,25.34125196548731,111,0.871317370596646,0.0018423715191827749,0.042922855440694706,4.926202195567697,111,0.869274241453722,0.0014400859534008422,0.03794846444061791,4.365534215894305
classification,stl_ablation_r05_d13771_parammatched,1,13771,104,0.24906545600930755,94,104,104,0.3249146655769621,0.009552166295792773,0.09773518453347685,30.0802625698428,104,0.3297895331389417,0.0064111186480012225,0.08006946139447438,24.278957743859255,104,0.8682465374603022,0.0017429891238443442,0.04174912123439659,4.8084408555796205,104,0.8662496541169026,0.0013676137094568253,0.03698126159904263,4.269122812723445
classification,stl_ablation_r01_d15738_parammatched,1,15738,153,0.21398436026007633,143,153,153,0.2904222664786324,0.010378388623577543,0.10187437667822828,35.07801860837127,153,0.29944443094874507,0.007444635251590635,0.08628229975835505,28.81412737748451,153,0.8837141692444997,0.0018629918757368154,0.04316238959715756,4.884202505665121,153,0.8797930536333337,0.0015860537872246176,0.03982529079899628,4.526665746510206
classification,stl_ablation_r02_d15738_parammatched,1,15738,129,0.2235127848091619,119,129,129,0.30620151865134076,0.01145038186292892,0.10700645710857322,34.9464161967195,129,0.31477426929926533,0.008782058324119262,0.09371263694998269,29.771377806261313,129,0.8767535422075438,0.0018687868784947397,0.0432294677100556,4.93062937632505,129,0.8725143024796835,0.0017887089051913643,0.042293130709269613,4.847270765541911
classification,stl_ablation_r03_d15738_parammatched,1,15738,104,0.24492305317611732,94,104,104,0.3283109502431413,0.014178202325847648,0.11907225674290232,36.26813441791068,104,0.33138743904933504,0.007123186635898892,0.08439897295523739,25.468368142545245,104,0.867719398993468,0.0020513784153217366,0.04529214518348338,5.2196764571612775,104,0.8658696791925996,0.0014407810113645876,0.03795762125534986,4.383756836334116
classification,stl_ablation_r04_d15738_parammatched,1,15738,142,0.22330485987030507,132,142,142,0.2976777892943182,0.010131020183311369,0.10065296907350209,33.81272392277312,142,0.3065339480851303,0.006529624801337986,0.08080609383789063,26.361221764399563,142,0.8804027300568974,0.0017753612779497603,0.042135036228176666,4.785882050303686,142,0.8762858557863419,0.0013749070085132978,0.037079738517326384,4.231466053283787
classification,stl_ablation_r05_d15738_parammatched,1,15738,120,0.2313696938780519,110,120,120,0.3140874108516113,0.011893542629533536,0.10905751982111796,34.72202834409098,120,0.3199623058703573,0.007101850896868579,0.08427248006833891,26.338252513558437,120,0.873227340203524,0.0018967905678307143,0.04355215916382005,4.987493766934657,120,0.8700078311905131,0.0015523916852288775,0.03940040209476139,4.5287410851056515
classification,stl_ablation_r01_d17705_parammatched,1,17705,103,0.23929425051097578,93,103,103,0.33297985558531656,0.013395933181134743,0.1157408017128564,34.7591002192627,103,0.3357864570217532,0.00715809711192526,0.08460553830527444,25.19623306302477,103,0.8653681230643777,0.0019965473364718564,0.04468274092389428,5.163437354922094,103,0.8642698361056232,0.0014653999903109212,0.038280543234271394,4.429235134106091
classification,stl_ablation_r02_d17705_parammatched,1,17705,113,0.23782388529023135,103,113,113,0.3211869613041088,0.011377190297891,0.10666391281914891,33.20929105778878,113,0.32738811217405767,0.0072407403045911724,0.08509253965296354,25.991334593029947,113,0.8699446324342632,0.001907440491125037,0.04367425432820848,5.020348732539446,113,0.8669632816701706,0.0015953985085888646,0.03994243994285858,4.607166276513008
classification,stl_ablation_r03_d17705_parammatched,1,17705,81,0.2639907632149472,71,81,81,0.3572397417218912,0.012566907872917924,0.11210222064222423,31.380109083578688,81,0.35635726191425304,0.007566329144208301,0.08698464889972427,24.409394222097987,81,0.8543934186834871,0.0019432027718926795,0.044081773692680286,5.159423367352802,81,0.8548689478793952,0.0015522458049076842,0.03939855079704943,4.608724050017521
classification,stl_ablation_r04_d17705_parammatched,1,17705,116,0.232476071906661,106,116,116,0.32147805805837815,0.013713830862902988,0.11710606672116944,36.42739023261855,116,0.3268737871360142,0.007067603569500685,0.0840690404935175,25.71911355453408,116,0.8704128086448375,0.001936407149641808,0.04400462645724661,5.055604193802968,116,0.8672369874338919,0.0014766447160844782,0.038427135153228355,4.4309843456898905
classification,stl_ablation_r05_d17705_parammatched,1,17705,97,0.24969344820226913,87,97,97,0.33799121508806884,0.013531575619440253,0.11632530085686542,34.41666400310288,97,0.3413310583226328,0.007736476811731386,0.08795724422542686,25.76889564567194,97,0.8631176201693763,0.0020094039301091636,0.04482637538446716,5.193541915604797,97,0.8611713658245674,0.0016284235960117696,0.04035373088094544,4.685911826887897
classification,stl_ablation_r01_d19672_parammatched,1,19672,111,0.2304837145390247,101,111,111,0.3256685147448411,0.014238519511519785,0.11932526769934264,36.64009945598613,111,0.33071863433622056,0.007798733004480129,0.08831043542232214,26.702588319393744,111,0.8686681625796533,0.0020939951541637174,0.04576019180645682,5.2678564471114475,111,0.8661862668162044,0.0015509710553689464,0.03938236985465637,4.546639835264543
classification,stl_ablation_r02_d19672_parammatched,1,19672,97,0.2501267066918167,87,97,97,0.3408676814441985,0.012819606840552023,0.11322370264459657,33.21632082128965,97,0.3421485354016882,0.007534081730470072,0.08679908830437144,25.368832341330304,97,0.8617550858271099,0.0019927644170605703,0.04464038997433345,5.180171339689599,97,0.8610262222006932,0.0015712058835655452,0.03963843946935279,4.603627444474463
classification,stl_ablation_r03_d19672_parammatched,1,19672,146,0.21747473179955495,136,146,146,0.2997293265266717,0.011584806233147985,0.10763273773879388,35.90997884193226,146,0.30816329229726636,0.0075616109725985415,0.08695752395623131,28.218001991083575,146,0.8796579424263206,0.0019378828729192483,0.04402139108341817,5.0043760148400365,146,0.8761501287436875,0.0015753739212067998,0.03969098035079002,4.530157452319611
classification,stl_ablation_r04_d19672_parammatched,1,19672,111,0.23329020488574248,101,111,111,0.326368824936422,0.012623658486420986,0.11235505545555566,34.425792805867076,111,0.33029012173491296,0.00826316826469021,0.09090197063150067,27.5218556807029,111,0.868174034493606,0.001983575414567224,0.0445373485354396,5.130002368870387,111,0.8662439482907288,0.001748354310837663,0.041813326952511956,4.8269690120223006
classification,stl_ablation_r05_d19672_parammatched,1,19672,127,0.2218860179922962,117,127,127,0.3132964229531586,0.011479722793395363,0.10714346827219737,34.1987524984339,127,0.32137125192040294,0.008054108716425474,0.08974468628518055,27.925548955887464,127,0.873704961488794,0.0019219070267140212,0.043839560065242686,5.017661796327681,127,0.8701902077389808,0.001707418704480445,0.041320923325604005,4.748493255626071
classification,stl_ablation_r01_d21639_parammatched,1,21639,176,0.20610552733823587,166,176,176,0.2833355699501517,0.011639542182755288,0.1078867099449941,38.077361753053104,176,0.2938498945786381,0.007374284046431827,0.08587365164258375,29.2236455506377,176,0.8867907903718234,0.0019876752546351796,0.04458335176537515,5.027493772988074,176,0.8825454420280671,0.0015679099262356476,0.039596842377084156,4.486663291364535
classification,stl_ablation_r02_d21639_parammatched,1,21639,137,0.218675146710062,127,137,137,0.3077879844130458,0.014635592890772372,0.12097765451012997,39.30551569153531,137,0.3153110585722182,0.00851752434676894,0.09229043475230216,29.269647303272155,137,0.8766104728138662,0.0021361919237956307,0.04621895632525285,5.272462257596903,137,0.8734137395024546,0.001667073220910344,0.040829807995021776,4.674738459951492
classification,stl_ablation_r03_d21639_parammatched,1,21639,72,0.27094092828632726,62,72,72,0.3730188499583028,0.014035982915832957,0.11847355365579677,31.760741761184484,72,0.37072535231884735,0.008065094265367423,0.08980586988258296,24.224366993208548,72,0.8476928446270757,0.0020312235746175224,0.04506909777904947,5.316677858579384,72,0.8478454186101215,0.0017379767379751164,0.04168904817785021,4.917057669096253
classification,stl_ablation_r04_d21639_parammatched,1,21639,89,0.24971146192112156,79,89,89,0.3536658996870165,0.01990218219083297,0.14107509415496758,39.889368548060396,89,0.3539618711938413,0.01064875863127341,0.10319282257634689,29.153654948285396,89,0.8575610331538148,0.0022582316799169833,0.04752085521028618,5.541396282375471,89,0.8569799703693046,0.0018633011021754328,0.04316597157687329,5.036987218997833
classification,stl_ablation_r05_d21639_parammatched,1,21639,172,0.2032716142784714,162,172,172,0.28518380262429893,0.01305612984204715,0.11426342302787515,40.0665893281484,172,0.29694810862147475,0.00740812600152951,0.08607047113574731,28.985020829165453,172,0.886358879822363,0.0020148625650819427,0.04488722050964999,5.064226413419124,172,0.8812360832759953,0.0015362993185144326,0.039195654332010235,4.447804064751908
classification,stl_ablation_r01_d23606_parammatched,1,23606,110,0.23801679233302697,100,110,110,0.33136532120514267,0.01523569345228362,0.12343295124189335,37.24980960378714,110,0.33522539017939235,0.008651015681731752,0.09301083636723063,27.745761237672617,110,0.8664260078898318,0.0021508139112889507,0.04637686827815081,5.3526634537553885,110,0.8640248720488303,0.0017863303134176872,0.04226500104599179,4.891641712323668
classification,stl_ablation_r02_d23606_parammatched,1,23606,145,0.211339499570382,135,145,145,0.3034909032345458,0.015157697798148767,0.12311660244722791,40.56681802817666,145,0.31223086680766365,0.010694924854452332,0.10341626977633805,33.12173163201164,145,0.8787991237057189,0.002222364315858423,0.04714195918561746,5.364361196314047,145,0.8747068867590266,0.0021105862535492678,0.0459411172431545,5.252172806524483
classification,stl_ablation_r03_d23606_parammatched,1,23606,56,0.2987062535799546,46,56,56,0.41168211147946365,0.030740349996471995,0.17532926166636303,42.58850622298879,56,0.4005516777350827,0.010520223218365765,0.10256813939214147,25.60671820727664,56,0.8350089667974933,0.0023197702375823423,0.048163993164835724,5.768080952418859,56,0.8361188152650433,0.0017215404879673696,0.04149145078166549,4.9623869268523775
classification,stl_ablation_r04_d23606_parammatched,1,23606,135,0.21536919350726755,125,135,135,0.31108536448735485,0.0173807926248985,0.13183623411224435,42.37943958871241,135,0.3177004852568745,0.009277211615863208,0.0963182828743495,30.317323184593825,135,0.8758163869426536,0.002254692666906416,0.04748360419035623,5.421639158421609,135,0.8725474859551725,0.001765866964204646,0.04202221988668193,4.816038159880829
classification,stl_ablation_r05_d23606_parammatched,1,23606,96,0.2451554640058876,86,96,96,0.3444309744440812,0.014058748008663042,0.11856959141644641,34.424775996938195,96,0.34709567246443335,0.008410810856105188,0.09171047299030351,26.42224616030066,96,0.8603744675243647,0.0021224877776155173,0.04607046535054229,5.354699272179137,96,0.8588548031301814,0.0017734944978262746,0.04211287805204335,4.9033757392470525
classification,stl_ablation_r01_d25573_parammatched,1,25573,119,0.21837917600553566,109,119,119,0.32641327447876334,0.027809342983282276,0.16676133539667484,51.089017645795664,119,0.3290720396565839,0.014098336138388979,0.11873641454241819,36.082194848985125,119,0.8709040596510113,0.0029344980360444983,0.054171007338284734,6.22008896823746,119,0.8685067252490917,0.0025198963495330464,0.050198569198066256,5.779871098139059
classification,stl_ablation_r02_d25573_parammatched,1,25573,117,0.2172862631376757,107,117,117,0.3218698358873454,0.02000365436544259,0.14143427578010426,43.94145086326335,117,0.32855646027140173,0.015066960848404606,0.12274754925620554,37.35965171855419,117,0.8719272298928502,0.0026478361579087657,0.051457129320520455,5.901539435446229,117,0.8692315488928284,0.002423496414299294,0.049229020042037136,5.663510500135656
classification,stl_ablation_r03_d25573_parammatched,1,25573,113,0.23658023012061735,103,113,113,0.3303062917135964,0.015512334040982297,0.12454852083016602,37.7069780245543,113,0.33594018003713416,0.01019558613090898,0.10097319511092526,30.056897361835038,113,0.8670724530510421,0.002273251304167255,0.04767862523361234,5.498805211241745,113,0.8648577020211828,0.0019927530257491384,0.044640262384411884,5.161573086542105
classification,stl_ablation_r04_d25573_parammatched,1,25573,87,0.2546780553139585,77,87,87,0.3589974350555204,0.01705061319919228,0.1305779966119571,36.372960879724026,87,0.3615246818732375,0.009279347820117448,0.09632937153390678,26.645309812535302,87,0.8547180939338209,0.0023212298714024504,0.04817914353122573,5.6368460985167985,87,0.8530531553555076,0.001970558940921392,0.044390978147833056,5.2037763261461984
classification,stl_ablation_r05_d25573_parammatched,1,25573,81,0.25930550829266247,71,81,81,0.36642792860392803,0.016511752810525037,0.12849806539604025,35.06775967803858,81,0.36188925465298644,0.008350735388390774,0.09138235819013851,25.251470447157804,81,0.8512979018906173,0.0022749175913249265,0.04769609618537901,5.602750350899779,81,0.8525785557334067,0.001769260912802651,0.042062583287319044,4.933572748746407
classification,stl_ablation_r01_d27540_parammatched,1,27540,74,0.2663456711118122,64,74,74,0.38208819193421434,0.027518693883482694,0.1658875941216904,43.41604834264335,74,0.3854481289656447,0.017052050282612127,0.1305834992738827,33.87835858077851,74,0.8474103338940584,0.0026439877567423927,0.051419721476709625,6.067865757598611,74,0.84322431069475,0.0029157611010922546,0.05399778792776844,6.403727601648314
classification,stl_ablation_r02_d27540_parammatched,1,27540,135,0.220863956205765,125,135,135,0.31540236288295975,0.020469944951938823,0.14307321535472256,45.36212539657304,135,0.3207746613313345,0.011015820634522175,0.10495627963357969,32.71962916209528,135,0.8746461118720752,0.0023985233974248704,0.04897472202498826,5.599375720102812,135,0.8717103740803849,0.0019533165988921374,0.04419634146501424,5.0700717553854275
classification,stl_ablation_r03_d27540_parammatched,1,27540,119,0.22204976856767003,109,119,119,0.3267507350027963,0.020779387857871822,0.14415057356067587,44.11637316116282,119,0.3321497422063163,0.010781943213510777,0.10383613635681355,31.261844632808796,119,0.8697295307615527,0.002479049683953797,0.04979005607502161,5.724774693050199,119,0.8667447977796995,0.002055559797632813,0.04533828181165242,5.230868639511125
classification,stl_ablation_r04_d27540_parammatched,1,27540,75,0.26512177050861546,65,75,75,0.37902382926237577,0.0212761704090478,0.14586353351351325,38.48400080738474,75,0.37415562990979706,0.010947995232238238,0.10463266809289648,27.965012344761924,75,0.8472914954497537,0.0023622528625731913,0.048603012896045766,5.736280035508516,75,0.8480007802504833,0.002178191946899415,0.04667110398200813,5.503662858449538
classification,stl_ablation_r05_d27540_parammatched,1,27540,75,0.2715845991514818,65,75,75,0.37995730518020604,0.01995209176961175,0.14125187350832466,37.17572253054373,75,0.3815576239176411,0.009951253222441399,0.09975596835498816,26.144404436411,75,0.8462603357644343,0.0023782407742206886,0.04876721003113351,5.76267230899835,75,0.8439308560380486,0.002025610848789596,0.045006786697003774,5.332994566438112
classification,stl_ablation_r01_d29508_parammatched,1,29508,127,0.20826082274824784,117,127,127,0.3134725134617203,0.025281628112309527,0.1590019751836735,50.72278058059787,127,0.31681675518658386,0.013840447364403596,0.11764543069921414,37.133588667028945,127,0.8769721333939344,0.0030100472037826536,0.05486389708891133,6.2560593432524225,127,0.8750333894533643,0.0024043781850046062,0.0490344591588875,5.603724354966553
classification,stl_ablation_r02_d29508_parammatched,1,29508,105,0.2240931936512059,95,105,105,0.353007190507103,0.02025914636800214,0.14233462814087844,40.32060308358349,105,0.35903379947162756,0.014451731567236748,0.12021535495616502,33.483018906041735,105,0.8580777399060138,0.0028375132545222347,0.053268313794621235,6.207865711614401,105,0.8552700920646394,0.002728245110567938,0.05223260581828115,6.107147473401131
classification,stl_ablation_r03_d29508_parammatched,1,29508,67,0.2805461918460742,57,67,67,0.3987801247026645,0.03219976107968424,0.17944291872259613,44.99795942849234,67,0.39449308578477643,0.010679907954044264,0.1033436401238328,26.196565630104345,67,0.8406820376292415,0.00253315726555583,0.05033048048206802,5.986862836275423,67,0.839484356500145,0.0018394056026807082,0.04288829213993847,5.108885211243488
classification,stl_ablation_r04_d29508_parammatched,1,29508,174,0.1960136185354937,164,174,174,0.2886653779546625,0.02163408165210798,0.14708528700080095,50.95356015431196,174,0.29846654952575025,0.011951063551382052,0.10932092000793833,36.62752833831607,174,0.8866129208152533,0.0024561573574197644,0.04955963435518632,5.58977127353564,174,0.8816255759144748,0.0023047972047978028,0.048008303498434546,5.445429988647671
classification,stl_ablation_r05_d29508_parammatched,1,29508,103,0.232986367753813,93,103,103,0.3450179145803046,0.023622387803704206,0.1536957637793059,44.54718357632774,103,0.3525574649877345,0.012417418696536732,0.1114334720653392,31.60717985909502,103,0.8622602449732567,0.0025933151979051234,0.05092460307066834,5.905943520827379,103,0.8578362787399179,0.002246644610464061,0.047398782795173774,5.525387998837983
classification,stl_ablation_r01_d31475_parammatched,1,31475,105,0.2272668839964394,95,105,105,0.34365973397057076,0.02339479976775388,0.1529535869724992,44.507276195935525,105,0.3440291908240603,0.010540813953678152,0.10266846620885184,29.842951978269028,105,0.8632364888469534,0.0026021265633392942,0.05101104354293582,5.909277955925212,105,0.8615350444750971,0.0020975290860002194,0.04579878913246746,5.315951965757939
classification,stl_ablation_r02_d31475_parammatched,1,31475,97,0.2364328120042489,87,97,97,0.35381350345462215,0.02129819546176774,0.14593901281620258,41.24744007542374,97,0.3549965214860766,0.011092200718767148,0.10531951727370928,29.66776035799552,97,0.8584220977554957,0.002531986403029162,0.05031884739368701,5.861783792059291,97,0.856786360473949,0.0021568874642154765,0.04644230252921873,5.420523093239745
classification,stl_ablation_r03_d31475_parammatched,1,31475,106,0.22997860664497652,96,106,106,0.34595161747875836,0.03118166211989946,0.17658330079568527,51.04277357700968,106,0.3474938255961508,0.016202770875290894,0.12729010517432568,36.63089695362221,106,0.8636036919934418,0.002758514389978423,0.05252156119136619,6.081673999115446,106,0.8607282114132416,0.002562811613164583,0.050624219630178824,5.8815569141225446
classification,stl_ablation_r04_d31475_parammatched,1,31475,55,0.28466691489390045,45,55,55,0.42246070103072875,0.044037923260177275,0.209852146189114,49.673767447980886,55,0.41781552933521643,0.022871661605119768,0.15123379782680776,36.19630846834125,55,0.8343350851080892,0.0036993974093412446,0.06082267183658775,7.2899573471380625,55,0.8328722240737525,0.0031340269845187576,0.055982381018662986,6.721604995402708
classification,stl_ablation_r05_d31475_parammatched,1,31475,54,0.30601376984480977,44,54,54,0.43175136189304203,0.028537331254839086,0.16892995961296825,39.12667672252007,54,0.4281850940930859,0.012634081506430942,0.11240143017965093,26.250663960575714,54,0.826295411824983,0.0024242401220586885,0.04923657301294119,5.958713107724475,54,0.8243805327504403,0.0023193989745286486,0.04816013885495606,5.84197915182154
classification,stl_ablation_r01_d33442_parammatched,1,33442,110,0.22403605507820706,100,110,110,0.3414792805830745,0.03242507775185227,0.18006964694765265,52.732232140170986,110,0.3379380430291521,0.011941213522139362,0.10927585974102132,32.33606336875031,110,0.8654911586552473,0.0027349832854738376,0.052297067656550664,6.04247277786257,110,0.8653130676830786,0.0022007094029956073,0.04691171925005102,5.421358003486486
classification,stl_ablation_r02_d33442_parammatched,1,33442,108,0.2322476954191343,98,108,108,0.3423810534403176,0.024078608863255656,0.15517283545535815,45.321677089356584,108,0.34359201614962925,0.011127714121995858,0.10548798093619888,30.70152272987054,108,0.863964845850993,0.0027963315961301574,0.05288035170202783,6.12066011203748,108,0.8618529546568651,0.002049083648643984,0.045266805151722204,5.252265471404523
classification,stl_ablation_r03_d33442_parammatched,1,33442,101,0.23549415435053983,91,101,101,0.3497675299956797,0.024133073778899512,0.15534823390981795,44.414709939409406,101,0.3481219191211649,0.01052243793148453,0.10257893512551458,29.466382175668652,101,0.8606872263999705,0.0026598695514818273,0.05157392317326487,5.992179457453446,101,0.8602801778603016,0.002037419426126627,0.04513778268952327,5.246870014114526
classification,stl_ablation_r04_d33442_parammatched,1,33442,79,0.2662615119416842,69,79,79,0.38421567529098605,0.026919511004078526,0.16407166423267158,42.70301155943515,79,0.3843045167295258,0.013825189924374075,0.11758056780086612,30.595676782955827,79,0.8467228340748458,0.0026266692532561347,0.05125104148459946,6.052871072102107,79,0.8449310988133061,0.002385347310588169,0.04884001751216075,5.780355058626185
classification,stl_ablation_r05_d33442_parammatched,1,33442,104,0.23027533553446453,94,104,104,0.3493995519223342,0.038546536783816046,0.19633271959562942,56.1914629012664,104,0.35093860897704315,0.014541653626555498,0.12058877902423383,34.361787486347,104,0.8634901895398119,0.00293686417570712,0.054192842476724915,6.276022951182158,104,0.8605779987899057,0.0021643915333079047,0.046523021541038205,5.406020326624216
classification,stl_ablation_r01_d35409_parammatched,1,35409,93,0.24122833330808405,83,93,93,0.36271758967567186,0.026779405437653583,0.16364414269277586,45.11613093787378,93,0.36114961212646174,0.012779976819214545,0.11304855956275846,31.302417548540205,93,0.8559295010818387,0.0028429334030933614,0.053319165438830356,6.229387510471182,93,0.8545291819417911,0.0025308518252082912,0.0503075722452226,5.88716843243505
classification,stl_ablation_r02_d35409_parammatched,1,35409,116,0.22167893553263956,106,116,116,0.3340767807891645,0.02285092463878947,0.15116522298064947,45.24864691989764,116,0.3409851391791591,0.01297162743326969,0.11389305261195562,33.40117780092298,116,0.8673881207671803,0.0028010799738534373,0.05292523003118113,6.10167798751616,116,0.8636335715036064,0.002388842836362317,0.0488757898796768,5.659320282626681
classification,stl_ablation_r03_d35409_parammatched,1,35409,104,0.2317783768565923,94,104,104,0.35094028426431756,0.026394506138711336,0.16246386102364838,46.2938762827483,104,0.35185727752864204,0.01283277018538978,0.11328181754098837,32.195388521349244,104,0.8607322801872725,0.0027888496912698985,0.05280956060477968,6.135422339834835,104,0.8593422528143961,0.002318868192418568,0.048154627943932535,5.603661147374439
classification,stl_ablation_r04_d35409_parammatched,1,35409,77,0.26326642061151434,67,77,77,0.38916700781714586,0.029137268544839612,0.17069642217937556,43.86199722757049,77,0.38485423316118667,0.013353187327343242,0.11555599217411117,30.02591168737733,77,0.8447691376199798,0.0027314860390205095,0.05226362060765126,6.186734136014578,77,0.8463200110331829,0.0021050504041387574,0.045880828285229956,5.421215106236102
classification,stl_ablation_r05_d35409_parammatched,1,35409,126,0.21402210078272926,116,126,126,0.325069336561924,0.03185276341147001,0.17847342494463989,54.90318675770934,126,0.32650002707334624,0.013401006460333143,0.11576271619279302,35.45565286179521,126,0.8731496364959501,0.0029537931490789026,0.054348810006097675,6.224455435176689,126,0.8706079151166155,0.002223707464425492,0.047156202820259945,5.416468424129076
classification,stl_ablation_r01_d37376_parammatched,1,37376,127,0.21143610130628313,117,127,127,0.3261809524479537,0.02497511804166769,0.15803517975965886,48.45015583332548,127,0.3247915953547877,0.012131836491526058,0.1101446162621036,33.9123973148956,127,0.8717308418459698,0.0028442885345126363,0.053331871657692986,6.117928734144345,127,0.8711288393128067,0.002211941957597421,0.047031287007665665,5.398889909874465
classification,stl_ablation_r02_d37376_parammatched,1,37376,68,0.27774935313388177,58,68,68,0.4090649813151833,0.04267862817841029,0.20658806397856166,50.50250532674813,68,0.40421179095316445,0.03389107945427965,0.18409529992446752,45.54426764502731,68,0.8393156849667859,0.003082020861371218,0.05551595141372629,6.614430351783931,68,0.8408339635745866,0.002761447874577365,0.05254948025030662,6.249685731878168
classification,stl_ablation_r03_d37376_parammatched,1,37376,80,0.25680042386498175,70,80,80,0.3872201829206895,0.03835731745598862,0.19585024242004045,50.578521228619564,80,0.38705227757527255,0.032504720447598855,0.18029065546388934,46.58044039769978,80,0.8476140519782277,0.00300738398593408,0.054839620585249126,6.469881009789791,80,0.8478808454243472,0.003206830850549482,0.056628887067904504,6.678873260730746
classification,stl_ablation_r04_d37376_parammatched,1,37376,77,0.24135049292752792,67,77,77,0.3846578331841878,0.06195361711988142,0.2489048354690632,64.7081156280207,77,0.3760168924245884,0.02840959378404206,0.16855145737738983,44.82550139983231,77,0.8537561081374683,0.004129896389883436,0.06426426993192591,7.527239842784041,77,0.8533174541332748,0.0033851058545097397,0.05818166252789395,6.818290455219833
classification,stl_ablation_r05_d37376_parammatched,1,37376,67,0.26885107040663797,57,67,67,0.40982494731853175,0.04627466278762722,0.2151154638505266,52.48959714581029,67,0.41355923553912,0.03996714828957454,0.19991785385396307,48.34080264060556,67,0.8398971237485257,0.0033500980161157044,0.057880031238033244,6.891323901635739,67,0.8373080125268222,0.003735076769677177,0.061115274438369144,7.299019419859115
classification,stl_ablation_r02_d02_w12490_12490_12490,2,12490,90,0.112483205240759,80,90,90,0.15743583356662133,0.01912051435641676,0.1382769480297304,87.83067037353757,90,0.1782906268743768,0.010458172819667445,0.10226520825611927,57.35871259691915,90,0.9368001023118169,0.00293446755381588,0.05417072598568234,5.782527761472365,90,0.9294730058193682,0.002003887055336219,0.04476479705456307,4.816148158611781
classification,stl_ablation_r04_d02_w12490_12490_12490,2,12490,90,0.112483205240759,80,90,90,0.15743583356662133,0.01912051435641676,0.1382769480297304,87.83067037353757,90,0.1782906268743768,0.010458172819667445,0.10226520825611927,57.35871259691915,90,0.9368001023118169,0.00293446755381588,0.05417072598568234,5.782527761472365,90,0.9294730058193682,0.002003887055336219,0.04476479705456307,4.816148158611781
classification,stl_ablation_r01_d02_w13184_13184_13184,2,13184,88,0.11366165341294752,78,88,88,0.15844445091907067,0.01899242613505368,0.1378130114867739,86.97875544859897,88,0.1800957972310575,0.010671132454810939,0.10330117354033756,57.35901399620407,88,0.9363255709566567,0.0028969197697424564,0.053823041253188736,5.748325467411617,88,0.9280907385415053,0.002158262103620821,0.046457099604052136,5.00566352779896
classification,stl_ablation_r02_d02_w13184_13184_13184,2,13184,93,0.11297108604446097,83,93,93,0.15624380023404622,0.019074938427696312,0.13811205026244563,88.39521955787045,93,0.17671246845163363,0.00969151175576461,0.09844547605535062,55.70941140596156,93,0.9373655509142017,0.002823847475842247,0.053139885922367645,5.669067512726592,93,0.9296688210537342,0.0019256814967644014,0.04388258762612343,4.720238716447935
classification,stl_ablation_r03_d02_w13184_13184_13184,2,13184,88,0.11296297202942115,78,88,88,0.1592450079133738,0.01854834522569291,0.1361923097156844,85.52375455924522,88,0.18161095163201135,0.010033540826845594,0.1001675637461828,55.15502388267147,88,0.9359571652933457,0.0028880691381848187,0.053740758630529385,5.741796806874818,88,0.9277705672410583,0.0019891101940205007,0.04459944163350592,4.807162806008466
classification,stl_ablation_r04_d02_w13184_13184_13184,2,13184,62,0.12243039426528694,52,62,62,0.19672126704958345,0.02318272607036085,0.1522587471062364,77.39821392460821,62,0.20760003248631612,0.011787066509976534,0.10856825737745142,52.296840264033996,62,0.92080378316218,0.003440853939900665,0.0586587925199681,6.37039004319953,62,0.9161462991864556,0.002306023835131828,0.04802107698846235,5.241638484061487
classification,stl_ablation_r05_d02_w13184_13184_13184,2,13184,75,0.1161214313274349,65,75,75,0.17550475394523146,0.021242121309610108,0.145746771180737,83.04434375961074,75,0.19207619131706036,0.010841913985529382,0.1041245119341713,54.21000448842348,75,0.9295270182081569,0.0031469679716477524,0.05609784284308758,6.035095456528743,75,0.9230546806423297,0.002111212707719637,0.04594793474923152,4.977812876400513
